target_gene,n_cells,reason
AARS,59,not_measured_in_frozen_cd4_target_set
AARS2,95,not_measured_in_frozen_cd4_target_set
AASDHPPT,62,not_measured_in_frozen_cd4_target_set
ABCB7,45,not_measured_in_frozen_cd4_target_set
ABCE1,54,not_measured_in_frozen_cd4_target_set
ABCF1,157,not_measured_in_frozen_cd4_target_set
ABCG1,134,not_measured_in_frozen_cd4_target_set
ABHD11,56,not_measured_in_frozen_cd4_target_set
ABHD17A,187,not_measured_in_frozen_cd4_target_set
AC118549.1,62,not_measured_in_frozen_cd4_target_set
ACD,45,not_measured_in_frozen_cd4_target_set
ACIN1,162,not_measured_in_frozen_cd4_target_set
ACOT12,203,not_measured_in_frozen_cd4_target_set
ACTB,235,not_measured_in_frozen_cd4_target_set
ACTR6,104,not_measured_in_frozen_cd4_target_set
ACTR8,88,not_measured_in_frozen_cd4_target_set
ADAM10,384,not_measured_in_frozen_cd4_target_set
ADAT2,72,not_measured_in_frozen_cd4_target_set
ADAT3,286,not_measured_in_frozen_cd4_target_set
ADSL,127,not_measured_in_frozen_cd4_target_set
AFG3L2,85,not_measured_in_frozen_cd4_target_set
AGBL5,41,not_measured_in_frozen_cd4_target_set
AHCTF1,79,not_measured_in_frozen_cd4_target_set
AHCY,89,not_measured_in_frozen_cd4_target_set
ALDOA,73,not_measured_in_frozen_cd4_target_set
ALG1,82,not_measured_in_frozen_cd4_target_set
ALG14,115,not_measured_in_frozen_cd4_target_set
ALG1L,212,not_measured_in_frozen_cd4_target_set
ALG2,78,not_measured_in_frozen_cd4_target_set
ALYREF,54,not_measured_in_frozen_cd4_target_set
ANAPC1,76,not_measured_in_frozen_cd4_target_set
ANAPC11,84,not_measured_in_frozen_cd4_target_set
ANAPC13,116,not_measured_in_frozen_cd4_target_set
ANAPC2,30,not_measured_in_frozen_cd4_target_set
ANAPC5,40,not_measured_in_frozen_cd4_target_set
ANKLE2,49,not_measured_in_frozen_cd4_target_set
ANKRD39,41,not_measured_in_frozen_cd4_target_set
ANKRD49,92,not_measured_in_frozen_cd4_target_set
ANKS6,264,not_measured_in_frozen_cd4_target_set
AP2M1,224,not_measured_in_frozen_cd4_target_set
AP2S1,67,not_measured_in_frozen_cd4_target_set
AQP7,192,not_measured_in_frozen_cd4_target_set
ARCN1,77,not_measured_in_frozen_cd4_target_set
ARFRP1,116,not_measured_in_frozen_cd4_target_set
ARGFX,108,not_measured_in_frozen_cd4_target_set
ARHGAP6,50,not_measured_in_frozen_cd4_target_set
ARID5B,118,not_measured_in_frozen_cd4_target_set
ARL2,215,not_measured_in_frozen_cd4_target_set
ARL4D,145,not_measured_in_frozen_cd4_target_set
ARMC6,91,not_measured_in_frozen_cd4_target_set
ARMC7,74,not_measured_in_frozen_cd4_target_set
ARPC4,84,not_measured_in_frozen_cd4_target_set
ASCC3,127,not_measured_in_frozen_cd4_target_set
ASF1B,162,not_measured_in_frozen_cd4_target_set
ATF5,69,not_measured_in_frozen_cd4_target_set
ATIC,86,not_measured_in_frozen_cd4_target_set
ATP11B,128,not_measured_in_frozen_cd4_target_set
ATP1A1,102,not_measured_in_frozen_cd4_target_set
ATP5F1B,108,not_measured_in_frozen_cd4_target_set
ATP5F1C,44,not_measured_in_frozen_cd4_target_set
ATP5PD,207,not_measured_in_frozen_cd4_target_set
ATP6AP1,178,not_measured_in_frozen_cd4_target_set
ATP6AP2,283,not_measured_in_frozen_cd4_target_set
ATP6V0B,115,not_measured_in_frozen_cd4_target_set
ATP6V0C,251,not_measured_in_frozen_cd4_target_set
ATP6V0D1,99,not_measured_in_frozen_cd4_target_set
ATP6V1A,79,not_measured_in_frozen_cd4_target_set
ATP6V1B2,163,not_measured_in_frozen_cd4_target_set
ATP6V1C1,46,not_measured_in_frozen_cd4_target_set
ATP6V1D,65,not_measured_in_frozen_cd4_target_set
ATP6V1E1,58,not_measured_in_frozen_cd4_target_set
ATP6V1F,41,not_measured_in_frozen_cd4_target_set
ATP6V1G1,135,not_measured_in_frozen_cd4_target_set
ATP6V1H,79,not_measured_in_frozen_cd4_target_set
ATR,161,not_measured_in_frozen_cd4_target_set
ATRIP,74,not_measured_in_frozen_cd4_target_set
ATXN10,59,not_measured_in_frozen_cd4_target_set
AURKA,35,not_measured_in_frozen_cd4_target_set
BAG6,71,not_measured_in_frozen_cd4_target_set
BANF1,33,not_measured_in_frozen_cd4_target_set
BANP,32,not_measured_in_frozen_cd4_target_set
BAP1,114,not_measured_in_frozen_cd4_target_set
BCAR1,922,not_measured_in_frozen_cd4_target_set
BCAS2,38,not_measured_in_frozen_cd4_target_set
BCS1L,106,not_measured_in_frozen_cd4_target_set
BDP1,47,not_measured_in_frozen_cd4_target_set
BET1,68,not_measured_in_frozen_cd4_target_set
BGLAP,59,not_measured_in_frozen_cd4_target_set
BMS1,53,not_measured_in_frozen_cd4_target_set
BNIP1,59,not_measured_in_frozen_cd4_target_set
BOD1L1,97,not_measured_in_frozen_cd4_target_set
BOP1,166,not_measured_in_frozen_cd4_target_set
BORA,73,not_measured_in_frozen_cd4_target_set
BPTF,101,not_measured_in_frozen_cd4_target_set
BRCA2,83,not_measured_in_frozen_cd4_target_set
BRF1,61,not_measured_in_frozen_cd4_target_set
BRF2,94,not_measured_in_frozen_cd4_target_set
BRIP1,110,not_measured_in_frozen_cd4_target_set
BRIX1,42,not_measured_in_frozen_cd4_target_set
BTF3,110,not_measured_in_frozen_cd4_target_set
BTF3L4,277,not_measured_in_frozen_cd4_target_set
BUB1,75,not_measured_in_frozen_cd4_target_set
BUB1B,106,not_measured_in_frozen_cd4_target_set
BUD13,36,not_measured_in_frozen_cd4_target_set
BUD31,45,not_measured_in_frozen_cd4_target_set
C12orf60,42,not_measured_in_frozen_cd4_target_set
C14orf178,292,not_measured_in_frozen_cd4_target_set
C16orf86,181,not_measured_in_frozen_cd4_target_set
C17orf58,189,not_measured_in_frozen_cd4_target_set
C19orf25,53,not_measured_in_frozen_cd4_target_set
C1QTNF4,75,not_measured_in_frozen_cd4_target_set
C1orf109,214,not_measured_in_frozen_cd4_target_set
C5orf30,45,not_measured_in_frozen_cd4_target_set
C6orf15,105,not_measured_in_frozen_cd4_target_set
C7orf26,380,not_measured_in_frozen_cd4_target_set
C9orf16,160,not_measured_in_frozen_cd4_target_set
C9orf78,97,not_measured_in_frozen_cd4_target_set
CA5A,115,not_measured_in_frozen_cd4_target_set
CACTIN,90,not_measured_in_frozen_cd4_target_set
CAD,96,not_measured_in_frozen_cd4_target_set
CADM4,247,not_measured_in_frozen_cd4_target_set
CALR,74,not_measured_in_frozen_cd4_target_set
CAMLG,161,not_measured_in_frozen_cd4_target_set
CAPZB,88,not_measured_in_frozen_cd4_target_set
CARS,54,not_measured_in_frozen_cd4_target_set
CBFA2T3,111,not_measured_in_frozen_cd4_target_set
CBLN1,80,not_measured_in_frozen_cd4_target_set
CCAR1,119,not_measured_in_frozen_cd4_target_set
CCDC115,53,not_measured_in_frozen_cd4_target_set
CCDC130,114,not_measured_in_frozen_cd4_target_set
CCDC137,41,not_measured_in_frozen_cd4_target_set
CCDC144A,140,not_measured_in_frozen_cd4_target_set
CCDC144NL,250,not_measured_in_frozen_cd4_target_set
CCDC59,48,not_measured_in_frozen_cd4_target_set
CCDC78,492,not_measured_in_frozen_cd4_target_set
CCDC84,44,not_measured_in_frozen_cd4_target_set
CCND1,62,not_measured_in_frozen_cd4_target_set
CCND3,83,not_measured_in_frozen_cd4_target_set
CCNH,71,not_measured_in_frozen_cd4_target_set
CCP110,50,not_measured_in_frozen_cd4_target_set
CCT2,56,not_measured_in_frozen_cd4_target_set
CCT3,58,not_measured_in_frozen_cd4_target_set
CCT4,65,not_measured_in_frozen_cd4_target_set
CCT6A,79,not_measured_in_frozen_cd4_target_set
CCT7,61,not_measured_in_frozen_cd4_target_set
CCT8,48,not_measured_in_frozen_cd4_target_set
CD3EAP,38,not_measured_in_frozen_cd4_target_set
CD8B,190,not_measured_in_frozen_cd4_target_set
CDAN1,41,not_measured_in_frozen_cd4_target_set
CDC123,35,not_measured_in_frozen_cd4_target_set
CDC16,106,not_measured_in_frozen_cd4_target_set
CDC27,38,not_measured_in_frozen_cd4_target_set
CDC42,38,not_measured_in_frozen_cd4_target_set
CDC5L,71,not_measured_in_frozen_cd4_target_set
CDC6,88,not_measured_in_frozen_cd4_target_set
CDC7,30,not_measured_in_frozen_cd4_target_set
CDC73,61,not_measured_in_frozen_cd4_target_set
CDCA5,91,not_measured_in_frozen_cd4_target_set
CDK1,86,not_measured_in_frozen_cd4_target_set
CDK12,64,not_measured_in_frozen_cd4_target_set
CDK9,32,not_measured_in_frozen_cd4_target_set
CDT1,106,not_measured_in_frozen_cd4_target_set
CEBPZ,51,not_measured_in_frozen_cd4_target_set
CENPA,161,not_measured_in_frozen_cd4_target_set
CENPC,44,not_measured_in_frozen_cd4_target_set
CENPE,34,not_measured_in_frozen_cd4_target_set
CENPH,36,not_measured_in_frozen_cd4_target_set
CENPJ,51,not_measured_in_frozen_cd4_target_set
CENPK,80,not_measured_in_frozen_cd4_target_set
CENPN,78,not_measured_in_frozen_cd4_target_set
CENPT,316,not_measured_in_frozen_cd4_target_set
CENPW,139,not_measured_in_frozen_cd4_target_set
CEP152,69,not_measured_in_frozen_cd4_target_set
CEP192,57,not_measured_in_frozen_cd4_target_set
CEP85,67,not_measured_in_frozen_cd4_target_set
CFDP1,106,not_measured_in_frozen_cd4_target_set
CFL1,140,not_measured_in_frozen_cd4_target_set
CHAF1A,31,not_measured_in_frozen_cd4_target_set
CHAF1B,58,not_measured_in_frozen_cd4_target_set
CHCHD2,94,not_measured_in_frozen_cd4_target_set
CHCHD3,44,not_measured_in_frozen_cd4_target_set
CHCHD4,137,not_measured_in_frozen_cd4_target_set
CHEK1,56,not_measured_in_frozen_cd4_target_set
CHERP,65,not_measured_in_frozen_cd4_target_set
CHMP3,36,not_measured_in_frozen_cd4_target_set
CHMP5,72,not_measured_in_frozen_cd4_target_set
CHMP6,107,not_measured_in_frozen_cd4_target_set
CHORDC1,146,not_measured_in_frozen_cd4_target_set
CIAPIN1,99,not_measured_in_frozen_cd4_target_set
CINP,41,not_measured_in_frozen_cd4_target_set
CKAP5,173,not_measured_in_frozen_cd4_target_set
CLASRP,344,not_measured_in_frozen_cd4_target_set
CLNS1A,70,not_measured_in_frozen_cd4_target_set
CLTC,50,not_measured_in_frozen_cd4_target_set
CMC4,122,not_measured_in_frozen_cd4_target_set
CMPK1,160,not_measured_in_frozen_cd4_target_set
CNOT1,99,not_measured_in_frozen_cd4_target_set
CNOT11,69,not_measured_in_frozen_cd4_target_set
CNOT2,67,not_measured_in_frozen_cd4_target_set
CNOT3,59,not_measured_in_frozen_cd4_target_set
CNOT9,33,not_measured_in_frozen_cd4_target_set
COA5,135,not_measured_in_frozen_cd4_target_set
COASY,63,not_measured_in_frozen_cd4_target_set
COG1,66,not_measured_in_frozen_cd4_target_set
COG2,40,not_measured_in_frozen_cd4_target_set
COG4,66,not_measured_in_frozen_cd4_target_set
COG6,96,not_measured_in_frozen_cd4_target_set
COMTD1,142,not_measured_in_frozen_cd4_target_set
COPA,30,not_measured_in_frozen_cd4_target_set
COPB1,30,not_measured_in_frozen_cd4_target_set
COPB2,31,not_measured_in_frozen_cd4_target_set
COPG1,109,not_measured_in_frozen_cd4_target_set
COPS2,49,not_measured_in_frozen_cd4_target_set
COPS3,47,not_measured_in_frozen_cd4_target_set
COPS4,51,not_measured_in_frozen_cd4_target_set
COPS5,32,not_measured_in_frozen_cd4_target_set
COPS6,55,not_measured_in_frozen_cd4_target_set
COPS8,74,not_measured_in_frozen_cd4_target_set
COPZ1,145,not_measured_in_frozen_cd4_target_set
COQ2,195,not_measured_in_frozen_cd4_target_set
COQ4,41,not_measured_in_frozen_cd4_target_set
COX10,167,not_measured_in_frozen_cd4_target_set
COX11,116,not_measured_in_frozen_cd4_target_set
COX5A,193,not_measured_in_frozen_cd4_target_set
COX5B,84,not_measured_in_frozen_cd4_target_set
COX7B,70,not_measured_in_frozen_cd4_target_set
CPAMD8,208,not_measured_in_frozen_cd4_target_set
CPEB1,32,not_measured_in_frozen_cd4_target_set
CPNE1,58,not_measured_in_frozen_cd4_target_set
CPNE7,185,not_measured_in_frozen_cd4_target_set
CPSF1,50,not_measured_in_frozen_cd4_target_set
CPSF3,188,not_measured_in_frozen_cd4_target_set
CPSF4,32,not_measured_in_frozen_cd4_target_set
CRCP,91,not_measured_in_frozen_cd4_target_set
CS,105,not_measured_in_frozen_cd4_target_set
CSE1L,276,not_measured_in_frozen_cd4_target_set
CSH2,328,not_measured_in_frozen_cd4_target_set
CSTF1,119,not_measured_in_frozen_cd4_target_set
CSTF3,67,not_measured_in_frozen_cd4_target_set
CT45A5,112,not_measured_in_frozen_cd4_target_set
CTBP2,97,not_measured_in_frozen_cd4_target_set
CTNNBL1,80,not_measured_in_frozen_cd4_target_set
CTR9,41,not_measured_in_frozen_cd4_target_set
CUL1,73,not_measured_in_frozen_cd4_target_set
CUL2,32,not_measured_in_frozen_cd4_target_set
CUL7,36,not_measured_in_frozen_cd4_target_set
CWC15,74,not_measured_in_frozen_cd4_target_set
CWF19L2,58,not_measured_in_frozen_cd4_target_set
CXXC1,93,not_measured_in_frozen_cd4_target_set
CYC1,92,not_measured_in_frozen_cd4_target_set
CYCS,120,not_measured_in_frozen_cd4_target_set
CYP2A13,94,not_measured_in_frozen_cd4_target_set
CYP4F11,90,not_measured_in_frozen_cd4_target_set
CYS1,177,not_measured_in_frozen_cd4_target_set
DAD1,39,not_measured_in_frozen_cd4_target_set
DARS,32,not_measured_in_frozen_cd4_target_set
DBF4,87,not_measured_in_frozen_cd4_target_set
DBR1,131,not_measured_in_frozen_cd4_target_set
DCAF6,133,not_measured_in_frozen_cd4_target_set
DCTN1,156,not_measured_in_frozen_cd4_target_set
DCTN2,102,not_measured_in_frozen_cd4_target_set
DCTN3,159,not_measured_in_frozen_cd4_target_set
DCTN4,114,not_measured_in_frozen_cd4_target_set
DCTN6,74,not_measured_in_frozen_cd4_target_set
DDB1,125,not_measured_in_frozen_cd4_target_set
DDN,266,not_measured_in_frozen_cd4_target_set
DDOST,58,not_measured_in_frozen_cd4_target_set
DDX1,135,not_measured_in_frozen_cd4_target_set
DDX10,37,not_measured_in_frozen_cd4_target_set
DDX11,95,not_measured_in_frozen_cd4_target_set
DDX19B,369,not_measured_in_frozen_cd4_target_set
DDX23,184,not_measured_in_frozen_cd4_target_set
DDX27,35,not_measured_in_frozen_cd4_target_set
DDX41,32,not_measured_in_frozen_cd4_target_set
DDX42,118,not_measured_in_frozen_cd4_target_set
DDX46,225,not_measured_in_frozen_cd4_target_set
DDX47,93,not_measured_in_frozen_cd4_target_set
DDX5,203,not_measured_in_frozen_cd4_target_set
DDX51,57,not_measured_in_frozen_cd4_target_set
DDX52,35,not_measured_in_frozen_cd4_target_set
DDX54,120,not_measured_in_frozen_cd4_target_set
DDX55,78,not_measured_in_frozen_cd4_target_set
DDX59,49,not_measured_in_frozen_cd4_target_set
DEPDC5,91,not_measured_in_frozen_cd4_target_set
DERL2,147,not_measured_in_frozen_cd4_target_set
DESI1,32,not_measured_in_frozen_cd4_target_set
DGCR8,45,not_measured_in_frozen_cd4_target_set
DHDDS,60,not_measured_in_frozen_cd4_target_set
DHFR,63,not_measured_in_frozen_cd4_target_set
DHODH,184,not_measured_in_frozen_cd4_target_set
DHPS,77,not_measured_in_frozen_cd4_target_set
DHX15,82,not_measured_in_frozen_cd4_target_set
DHX16,73,not_measured_in_frozen_cd4_target_set
DHX33,45,not_measured_in_frozen_cd4_target_set
DHX37,40,not_measured_in_frozen_cd4_target_set
DHX8,95,not_measured_in_frozen_cd4_target_set
DHX9,89,not_measured_in_frozen_cd4_target_set
DICER1,94,not_measured_in_frozen_cd4_target_set
DIMT1,36,not_measured_in_frozen_cd4_target_set
DLD,76,not_measured_in_frozen_cd4_target_set
DMAP1,43,not_measured_in_frozen_cd4_target_set
DMRTA2,116,not_measured_in_frozen_cd4_target_set
DNAAF3,319,not_measured_in_frozen_cd4_target_set
DNAJA3,158,not_measured_in_frozen_cd4_target_set
DNAJC11,89,not_measured_in_frozen_cd4_target_set
DNAJC17,73,not_measured_in_frozen_cd4_target_set
DNAJC8,153,not_measured_in_frozen_cd4_target_set
DNLZ,144,not_measured_in_frozen_cd4_target_set
DNM1,319,not_measured_in_frozen_cd4_target_set
DNM2,53,not_measured_in_frozen_cd4_target_set
DNMT1,113,not_measured_in_frozen_cd4_target_set
DOLK,121,not_measured_in_frozen_cd4_target_set
DPAGT1,62,not_measured_in_frozen_cd4_target_set
DPPA2,89,not_measured_in_frozen_cd4_target_set
DPY19L2,95,not_measured_in_frozen_cd4_target_set
DRAP1,148,not_measured_in_frozen_cd4_target_set
DRG1,130,not_measured_in_frozen_cd4_target_set
DSN1,40,not_measured_in_frozen_cd4_target_set
DTL,49,not_measured_in_frozen_cd4_target_set
DTYMK,107,not_measured_in_frozen_cd4_target_set
DUT,55,not_measured_in_frozen_cd4_target_set
DYNC1H1,35,not_measured_in_frozen_cd4_target_set
DYNC1I2,60,not_measured_in_frozen_cd4_target_set
DYNLRB1,242,not_measured_in_frozen_cd4_target_set
E4F1,51,not_measured_in_frozen_cd4_target_set
EBNA1BP2,43,not_measured_in_frozen_cd4_target_set
ECD,53,not_measured_in_frozen_cd4_target_set
EEF1A1,52,not_measured_in_frozen_cd4_target_set
EEF1B2,87,not_measured_in_frozen_cd4_target_set
EEF1G,61,not_measured_in_frozen_cd4_target_set
EEF2,109,not_measured_in_frozen_cd4_target_set
EFR3A,219,not_measured_in_frozen_cd4_target_set
EFTUD2,104,not_measured_in_frozen_cd4_target_set
EGLN2,162,not_measured_in_frozen_cd4_target_set
EIF2B1,102,not_measured_in_frozen_cd4_target_set
EIF2B2,148,not_measured_in_frozen_cd4_target_set
EIF2B3,104,not_measured_in_frozen_cd4_target_set
EIF2B4,67,not_measured_in_frozen_cd4_target_set
EIF2B5,116,not_measured_in_frozen_cd4_target_set
EIF2S1,83,not_measured_in_frozen_cd4_target_set
EIF2S2,39,not_measured_in_frozen_cd4_target_set
EIF2S3,70,not_measured_in_frozen_cd4_target_set
EIF3A,62,not_measured_in_frozen_cd4_target_set
EIF3B,123,not_measured_in_frozen_cd4_target_set
EIF3CL,337,not_measured_in_frozen_cd4_target_set
EIF3D,55,not_measured_in_frozen_cd4_target_set
EIF3E,50,not_measured_in_frozen_cd4_target_set
EIF3I,80,not_measured_in_frozen_cd4_target_set
EIF3J,66,not_measured_in_frozen_cd4_target_set
EIF3M,82,not_measured_in_frozen_cd4_target_set
EIF4A1,51,not_measured_in_frozen_cd4_target_set
EIF4A3,32,not_measured_in_frozen_cd4_target_set
EIF4E,66,not_measured_in_frozen_cd4_target_set
EIF4G1,77,not_measured_in_frozen_cd4_target_set
EIF5A,65,not_measured_in_frozen_cd4_target_set
EIF6,57,not_measured_in_frozen_cd4_target_set
ELAC2,104,not_measured_in_frozen_cd4_target_set
ELL,171,not_measured_in_frozen_cd4_target_set
ELOF1,154,not_measured_in_frozen_cd4_target_set
ELP2,74,not_measured_in_frozen_cd4_target_set
EMC3,153,not_measured_in_frozen_cd4_target_set
EMC7,140,not_measured_in_frozen_cd4_target_set
ENO1,112,not_measured_in_frozen_cd4_target_set
ENY2,87,not_measured_in_frozen_cd4_target_set
EP400,68,not_measured_in_frozen_cd4_target_set
EPRS,47,not_measured_in_frozen_cd4_target_set
EPS8L1,640,not_measured_in_frozen_cd4_target_set
ERCC2,97,not_measured_in_frozen_cd4_target_set
ERCC3,30,not_measured_in_frozen_cd4_target_set
ERH,34,not_measured_in_frozen_cd4_target_set
ERVW-1,132,not_measured_in_frozen_cd4_target_set
ESF1,94,not_measured_in_frozen_cd4_target_set
ESPN,350,not_measured_in_frozen_cd4_target_set
ESYT1,76,not_measured_in_frozen_cd4_target_set
ESYT2,50,not_measured_in_frozen_cd4_target_set
ETF1,94,not_measured_in_frozen_cd4_target_set
ETV4,71,not_measured_in_frozen_cd4_target_set
EWSR1,116,not_measured_in_frozen_cd4_target_set
EXOC1,48,not_measured_in_frozen_cd4_target_set
EXOC2,86,not_measured_in_frozen_cd4_target_set
EXOC3,54,not_measured_in_frozen_cd4_target_set
EXOC5,94,not_measured_in_frozen_cd4_target_set
EXOC7,33,not_measured_in_frozen_cd4_target_set
EXOC8,46,not_measured_in_frozen_cd4_target_set
EXOSC1,48,not_measured_in_frozen_cd4_target_set
EXOSC2,45,not_measured_in_frozen_cd4_target_set
EXOSC3,60,not_measured_in_frozen_cd4_target_set
EXOSC4,61,not_measured_in_frozen_cd4_target_set
EXOSC5,64,not_measured_in_frozen_cd4_target_set
EXOSC7,47,not_measured_in_frozen_cd4_target_set
EXOSC8,47,not_measured_in_frozen_cd4_target_set
F8A1,85,not_measured_in_frozen_cd4_target_set
FAF2,118,not_measured_in_frozen_cd4_target_set
FAM102B,81,not_measured_in_frozen_cd4_target_set
FAM133B,33,not_measured_in_frozen_cd4_target_set
FAM136A,528,not_measured_in_frozen_cd4_target_set
FAM207A,208,not_measured_in_frozen_cd4_target_set
FAM229A,206,not_measured_in_frozen_cd4_target_set
FAM32A,45,not_measured_in_frozen_cd4_target_set
FAM72D,51,not_measured_in_frozen_cd4_target_set
FARSA,60,not_measured_in_frozen_cd4_target_set
FARSB,34,not_measured_in_frozen_cd4_target_set
FASN,73,not_measured_in_frozen_cd4_target_set
FASTKD5,119,not_measured_in_frozen_cd4_target_set
FAU,60,not_measured_in_frozen_cd4_target_set
FBLIM1,197,not_measured_in_frozen_cd4_target_set
FBRSL1,81,not_measured_in_frozen_cd4_target_set
FBXL14,91,not_measured_in_frozen_cd4_target_set
FDPS,63,not_measured_in_frozen_cd4_target_set
FEN1,50,not_measured_in_frozen_cd4_target_set
FKBP9,44,not_measured_in_frozen_cd4_target_set
FNTA,40,not_measured_in_frozen_cd4_target_set
FNTB,140,not_measured_in_frozen_cd4_target_set
FOLR3,219,not_measured_in_frozen_cd4_target_set
FOXD4,117,not_measured_in_frozen_cd4_target_set
FOXL2,80,not_measured_in_frozen_cd4_target_set
FOXS1,88,not_measured_in_frozen_cd4_target_set
FRG2,67,not_measured_in_frozen_cd4_target_set
FTSJ3,45,not_measured_in_frozen_cd4_target_set
FXN,35,not_measured_in_frozen_cd4_target_set
GABPA,67,not_measured_in_frozen_cd4_target_set
GAK,80,not_measured_in_frozen_cd4_target_set
GAPDH,131,not_measured_in_frozen_cd4_target_set
GAR1,32,not_measured_in_frozen_cd4_target_set
GARS,120,not_measured_in_frozen_cd4_target_set
GATA1,64,not_measured_in_frozen_cd4_target_set
GBF1,100,not_measured_in_frozen_cd4_target_set
GCLC,198,not_measured_in_frozen_cd4_target_set
GCOM1,169,not_measured_in_frozen_cd4_target_set
GEMIN4,82,not_measured_in_frozen_cd4_target_set
GEMIN5,95,not_measured_in_frozen_cd4_target_set
GEMIN6,48,not_measured_in_frozen_cd4_target_set
GEMIN8,45,not_measured_in_frozen_cd4_target_set
GET1,113,not_measured_in_frozen_cd4_target_set
GET3,175,not_measured_in_frozen_cd4_target_set
GFER,69,not_measured_in_frozen_cd4_target_set
GGPS1,57,not_measured_in_frozen_cd4_target_set
GINS1,44,not_measured_in_frozen_cd4_target_set
GINS4,81,not_measured_in_frozen_cd4_target_set
GJA3,95,not_measured_in_frozen_cd4_target_set
GLB1,45,not_measured_in_frozen_cd4_target_set
GLE1,83,not_measured_in_frozen_cd4_target_set
GLI4,62,not_measured_in_frozen_cd4_target_set
GLRX3,83,not_measured_in_frozen_cd4_target_set
GMIP,140,not_measured_in_frozen_cd4_target_set
GMPPB,101,not_measured_in_frozen_cd4_target_set
GNB1L,105,not_measured_in_frozen_cd4_target_set
GNL2,57,not_measured_in_frozen_cd4_target_set
GNL3,46,not_measured_in_frozen_cd4_target_set
GNPNAT1,189,not_measured_in_frozen_cd4_target_set
GOLGA6L1,121,not_measured_in_frozen_cd4_target_set
GOLT1B,148,not_measured_in_frozen_cd4_target_set
GON4L,122,not_measured_in_frozen_cd4_target_set
GPKOW,42,not_measured_in_frozen_cd4_target_set
GPN2,38,not_measured_in_frozen_cd4_target_set
GPN3,36,not_measured_in_frozen_cd4_target_set
GPR61,51,not_measured_in_frozen_cd4_target_set
GPS1,242,not_measured_in_frozen_cd4_target_set
GRPEL1,101,not_measured_in_frozen_cd4_target_set
GRWD1,71,not_measured_in_frozen_cd4_target_set
GSDMA,114,not_measured_in_frozen_cd4_target_set
GSPT1,50,not_measured_in_frozen_cd4_target_set
GTF2A2,63,not_measured_in_frozen_cd4_target_set
GTF2E1,47,not_measured_in_frozen_cd4_target_set
GTF2E2,280,not_measured_in_frozen_cd4_target_set
GTF2F1,39,not_measured_in_frozen_cd4_target_set
GTF2F2,64,not_measured_in_frozen_cd4_target_set
GTF2H2,49,not_measured_in_frozen_cd4_target_set
GTF2H3,67,not_measured_in_frozen_cd4_target_set
GTF2H4,57,not_measured_in_frozen_cd4_target_set
GTF3C1,66,not_measured_in_frozen_cd4_target_set
GTF3C2,80,not_measured_in_frozen_cd4_target_set
GTF3C3,71,not_measured_in_frozen_cd4_target_set
GTF3C4,942,not_measured_in_frozen_cd4_target_set
GTF3C5,108,not_measured_in_frozen_cd4_target_set
GTF3C6,138,not_measured_in_frozen_cd4_target_set
GTPBP4,56,not_measured_in_frozen_cd4_target_set
GUCD1,58,not_measured_in_frozen_cd4_target_set
GUK1,138,not_measured_in_frozen_cd4_target_set
H2AFX,109,not_measured_in_frozen_cd4_target_set
H2AFZ,274,not_measured_in_frozen_cd4_target_set
H3F3A,137,not_measured_in_frozen_cd4_target_set
HAMP,172,not_measured_in_frozen_cd4_target_set
HAPLN2,67,not_measured_in_frozen_cd4_target_set
HARS,87,not_measured_in_frozen_cd4_target_set
HAUS1,49,not_measured_in_frozen_cd4_target_set
HAUS3,40,not_measured_in_frozen_cd4_target_set
HAUS4,155,not_measured_in_frozen_cd4_target_set
HAUS5,90,not_measured_in_frozen_cd4_target_set
HAUS6,62,not_measured_in_frozen_cd4_target_set
HAUS7,117,not_measured_in_frozen_cd4_target_set
HAUS8,172,not_measured_in_frozen_cd4_target_set
HBS1L,49,not_measured_in_frozen_cd4_target_set
HCRTR1,67,not_measured_in_frozen_cd4_target_set
HERC1,91,not_measured_in_frozen_cd4_target_set
HGS,46,not_measured_in_frozen_cd4_target_set
HHEX,209,not_measured_in_frozen_cd4_target_set
HIRA,244,not_measured_in_frozen_cd4_target_set
HIST1H2AB,50,not_measured_in_frozen_cd4_target_set
HIST1H2AE,85,not_measured_in_frozen_cd4_target_set
HIST1H2BB,109,not_measured_in_frozen_cd4_target_set
HIST1H2BC,239,not_measured_in_frozen_cd4_target_set
HIST1H2BE,61,not_measured_in_frozen_cd4_target_set
HIST1H2BJ,67,not_measured_in_frozen_cd4_target_set
HIST1H2BL,106,not_measured_in_frozen_cd4_target_set
HIST1H2BM,113,not_measured_in_frozen_cd4_target_set
HIST1H2BN,86,not_measured_in_frozen_cd4_target_set
HIST2H2AA3,45,not_measured_in_frozen_cd4_target_set
HIST2H2BE,111,not_measured_in_frozen_cd4_target_set
HIST2H2BF,67,not_measured_in_frozen_cd4_target_set
HIST2H3A,80,not_measured_in_frozen_cd4_target_set
HIST2H3D,118,not_measured_in_frozen_cd4_target_set
HJURP,120,not_measured_in_frozen_cd4_target_set
HLA-C,67,not_measured_in_frozen_cd4_target_set
HMGA1,71,not_measured_in_frozen_cd4_target_set
HMGB1,133,not_measured_in_frozen_cd4_target_set
HMGCR,45,not_measured_in_frozen_cd4_target_set
HMGCS1,259,not_measured_in_frozen_cd4_target_set
HMGN2,47,not_measured_in_frozen_cd4_target_set
HMX3,54,not_measured_in_frozen_cd4_target_set
HNRNPA1,134,not_measured_in_frozen_cd4_target_set
HNRNPC,51,not_measured_in_frozen_cd4_target_set
HNRNPH1,174,not_measured_in_frozen_cd4_target_set
HNRNPK,88,not_measured_in_frozen_cd4_target_set
HNRNPL,112,not_measured_in_frozen_cd4_target_set
HNRNPM,108,not_measured_in_frozen_cd4_target_set
HNRNPU,82,not_measured_in_frozen_cd4_target_set
HOXC10,89,not_measured_in_frozen_cd4_target_set
HPS5,39,not_measured_in_frozen_cd4_target_set
HSCB,237,not_measured_in_frozen_cd4_target_set
HSD17B12,335,not_measured_in_frozen_cd4_target_set
HSPA14,105,not_measured_in_frozen_cd4_target_set
HSPA5,75,not_measured_in_frozen_cd4_target_set
HSPA9,113,not_measured_in_frozen_cd4_target_set
HSPD1,42,not_measured_in_frozen_cd4_target_set
HSPE1,102,not_measured_in_frozen_cd4_target_set
HUS1,230,not_measured_in_frozen_cd4_target_set
HYOU1,65,not_measured_in_frozen_cd4_target_set
HYPK,67,not_measured_in_frozen_cd4_target_set
IARS,36,not_measured_in_frozen_cd4_target_set
IARS2,86,not_measured_in_frozen_cd4_target_set
ICE1,65,not_measured_in_frozen_cd4_target_set
IGBP1,75,not_measured_in_frozen_cd4_target_set
IK,465,not_measured_in_frozen_cd4_target_set
ILF2,69,not_measured_in_frozen_cd4_target_set
ILF3,33,not_measured_in_frozen_cd4_target_set
IMPDH2,156,not_measured_in_frozen_cd4_target_set
INO80,42,not_measured_in_frozen_cd4_target_set
INO80E,81,not_measured_in_frozen_cd4_target_set
INTS1,53,not_measured_in_frozen_cd4_target_set
INTS12,140,not_measured_in_frozen_cd4_target_set
INTS13,305,not_measured_in_frozen_cd4_target_set
INTS2,70,not_measured_in_frozen_cd4_target_set
INTS3,70,not_measured_in_frozen_cd4_target_set
INTS4,50,not_measured_in_frozen_cd4_target_set
INTS5,56,not_measured_in_frozen_cd4_target_set
INTS8,153,not_measured_in_frozen_cd4_target_set
IPO13,75,not_measured_in_frozen_cd4_target_set
IPO7,48,not_measured_in_frozen_cd4_target_set
IPO9,117,not_measured_in_frozen_cd4_target_set
IRF2BP2,105,not_measured_in_frozen_cd4_target_set
ISCA2,146,not_measured_in_frozen_cd4_target_set
ISCU,32,not_measured_in_frozen_cd4_target_set
ISY1,49,not_measured_in_frozen_cd4_target_set
ITGB1BP1,45,not_measured_in_frozen_cd4_target_set
JAZF1,237,not_measured_in_frozen_cd4_target_set
KANSL1,35,not_measured_in_frozen_cd4_target_set
KANSL3,52,not_measured_in_frozen_cd4_target_set
KAT5,34,not_measured_in_frozen_cd4_target_set
KAT7,69,not_measured_in_frozen_cd4_target_set
KAT8,56,not_measured_in_frozen_cd4_target_set
KCNA10,72,not_measured_in_frozen_cd4_target_set
KCTD10,100,not_measured_in_frozen_cd4_target_set
KEAP1,163,not_measured_in_frozen_cd4_target_set
KIAA0586,52,not_measured_in_frozen_cd4_target_set
KIAA1143,141,not_measured_in_frozen_cd4_target_set
KIF18B,34,not_measured_in_frozen_cd4_target_set
KIF4A,80,not_measured_in_frozen_cd4_target_set
KIN,40,not_measured_in_frozen_cd4_target_set
KPNA6,37,not_measured_in_frozen_cd4_target_set
KPNB1,210,not_measured_in_frozen_cd4_target_set
KRI1,43,not_measured_in_frozen_cd4_target_set
KRT10,201,not_measured_in_frozen_cd4_target_set
KRT17,563,not_measured_in_frozen_cd4_target_set
KRT8,216,not_measured_in_frozen_cd4_target_set
KRTAP4-2,96,not_measured_in_frozen_cd4_target_set
KRTAP4-7,125,not_measured_in_frozen_cd4_target_set
LAMTOR1,371,not_measured_in_frozen_cd4_target_set
LARS,44,not_measured_in_frozen_cd4_target_set
LAS1L,42,not_measured_in_frozen_cd4_target_set
LCE1C,102,not_measured_in_frozen_cd4_target_set
LCE1E,105,not_measured_in_frozen_cd4_target_set
LCN10,93,not_measured_in_frozen_cd4_target_set
LENG8,49,not_measured_in_frozen_cd4_target_set
LETM1,163,not_measured_in_frozen_cd4_target_set
LIMS1,182,not_measured_in_frozen_cd4_target_set
LIN52,31,not_measured_in_frozen_cd4_target_set
LIN54,163,not_measured_in_frozen_cd4_target_set
LMO2,268,not_measured_in_frozen_cd4_target_set
LONP1,82,not_measured_in_frozen_cd4_target_set
LPA,59,not_measured_in_frozen_cd4_target_set
LRR1,51,not_measured_in_frozen_cd4_target_set
LRRC37A3,155,not_measured_in_frozen_cd4_target_set
LRRC37B,88,not_measured_in_frozen_cd4_target_set
LSG1,61,not_measured_in_frozen_cd4_target_set
LSM10,102,not_measured_in_frozen_cd4_target_set
LSM2,42,not_measured_in_frozen_cd4_target_set
LSM3,54,not_measured_in_frozen_cd4_target_set
LSM4,80,not_measured_in_frozen_cd4_target_set
LSM5,85,not_measured_in_frozen_cd4_target_set
LSM6,47,not_measured_in_frozen_cd4_target_set
LSM7,67,not_measured_in_frozen_cd4_target_set
LTB4R2,126,not_measured_in_frozen_cd4_target_set
LURAP1,46,not_measured_in_frozen_cd4_target_set
MAD2L1,108,not_measured_in_frozen_cd4_target_set
MAD2L2,234,not_measured_in_frozen_cd4_target_set
MAGOH,116,not_measured_in_frozen_cd4_target_set
MARS,32,not_measured_in_frozen_cd4_target_set
MARS2,91,not_measured_in_frozen_cd4_target_set
MAT2A,160,not_measured_in_frozen_cd4_target_set
MBTPS2,154,not_measured_in_frozen_cd4_target_set
MCL1,247,not_measured_in_frozen_cd4_target_set
MCM10,58,not_measured_in_frozen_cd4_target_set
MCM2,42,not_measured_in_frozen_cd4_target_set
MCM3,187,not_measured_in_frozen_cd4_target_set
MCM3AP,72,not_measured_in_frozen_cd4_target_set
MCM4,40,not_measured_in_frozen_cd4_target_set
MCM5,60,not_measured_in_frozen_cd4_target_set
MCM6,125,not_measured_in_frozen_cd4_target_set
MCM7,47,not_measured_in_frozen_cd4_target_set
MED11,33,not_measured_in_frozen_cd4_target_set
MED14,99,not_measured_in_frozen_cd4_target_set
MED16,45,not_measured_in_frozen_cd4_target_set
MED18,35,not_measured_in_frozen_cd4_target_set
MED19,201,not_measured_in_frozen_cd4_target_set
MED29,30,not_measured_in_frozen_cd4_target_set
MED4,76,not_measured_in_frozen_cd4_target_set
MED8,40,not_measured_in_frozen_cd4_target_set
MEIS3,114,not_measured_in_frozen_cd4_target_set
MEMO1,77,not_measured_in_frozen_cd4_target_set
MEN1,100,not_measured_in_frozen_cd4_target_set
METAP1,56,not_measured_in_frozen_cd4_target_set
METTL14,76,not_measured_in_frozen_cd4_target_set
METTL16,42,not_measured_in_frozen_cd4_target_set
METTL21A,106,not_measured_in_frozen_cd4_target_set
METTL23,90,not_measured_in_frozen_cd4_target_set
METTL3,216,not_measured_in_frozen_cd4_target_set
MEX3A,46,not_measured_in_frozen_cd4_target_set
MFAP1,59,not_measured_in_frozen_cd4_target_set
MFN2,224,not_measured_in_frozen_cd4_target_set
MICOS10,184,not_measured_in_frozen_cd4_target_set
MIER1,155,not_measured_in_frozen_cd4_target_set
MIOS,131,not_measured_in_frozen_cd4_target_set
MIS18A,53,not_measured_in_frozen_cd4_target_set
MIS18BP1,38,not_measured_in_frozen_cd4_target_set
MLLT6,105,not_measured_in_frozen_cd4_target_set
MMP17,61,not_measured_in_frozen_cd4_target_set
MMS19,89,not_measured_in_frozen_cd4_target_set
MMS22L,33,not_measured_in_frozen_cd4_target_set
MNAT1,82,not_measured_in_frozen_cd4_target_set
MOB4,68,not_measured_in_frozen_cd4_target_set
MOCS3,75,not_measured_in_frozen_cd4_target_set
MOG,60,not_measured_in_frozen_cd4_target_set
MOK,87,not_measured_in_frozen_cd4_target_set
MPHOSPH6,51,not_measured_in_frozen_cd4_target_set
MRPL1,146,not_measured_in_frozen_cd4_target_set
MRPL10,118,not_measured_in_frozen_cd4_target_set
MRPL11,54,not_measured_in_frozen_cd4_target_set
MRPL14,127,not_measured_in_frozen_cd4_target_set
MRPL15,142,not_measured_in_frozen_cd4_target_set
MRPL16,261,not_measured_in_frozen_cd4_target_set
MRPL17,96,not_measured_in_frozen_cd4_target_set
MRPL18,98,not_measured_in_frozen_cd4_target_set
MRPL19,110,not_measured_in_frozen_cd4_target_set
MRPL2,79,not_measured_in_frozen_cd4_target_set
MRPL20,109,not_measured_in_frozen_cd4_target_set
MRPL22,65,not_measured_in_frozen_cd4_target_set
MRPL23,85,not_measured_in_frozen_cd4_target_set
MRPL24,217,not_measured_in_frozen_cd4_target_set
MRPL27,191,not_measured_in_frozen_cd4_target_set
MRPL28,111,not_measured_in_frozen_cd4_target_set
MRPL3,168,not_measured_in_frozen_cd4_target_set
MRPL32,75,not_measured_in_frozen_cd4_target_set
MRPL33,166,not_measured_in_frozen_cd4_target_set
MRPL34,172,not_measured_in_frozen_cd4_target_set
MRPL35,1491,not_measured_in_frozen_cd4_target_set
MRPL36,1686,not_measured_in_frozen_cd4_target_set
MRPL37,90,not_measured_in_frozen_cd4_target_set
MRPL38,265,not_measured_in_frozen_cd4_target_set
MRPL39,286,not_measured_in_frozen_cd4_target_set
MRPL4,153,not_measured_in_frozen_cd4_target_set
MRPL41,218,not_measured_in_frozen_cd4_target_set
MRPL42,75,not_measured_in_frozen_cd4_target_set
MRPL43,91,not_measured_in_frozen_cd4_target_set
MRPL44,93,not_measured_in_frozen_cd4_target_set
MRPL45,45,not_measured_in_frozen_cd4_target_set
MRPL46,106,not_measured_in_frozen_cd4_target_set
MRPL49,32,not_measured_in_frozen_cd4_target_set
MRPL50,140,not_measured_in_frozen_cd4_target_set
MRPL51,99,not_measured_in_frozen_cd4_target_set
MRPL53,122,not_measured_in_frozen_cd4_target_set
MRPL54,165,not_measured_in_frozen_cd4_target_set
MRPL55,95,not_measured_in_frozen_cd4_target_set
MRPL9,84,not_measured_in_frozen_cd4_target_set
MRPS10,138,not_measured_in_frozen_cd4_target_set
MRPS11,128,not_measured_in_frozen_cd4_target_set
MRPS12,48,not_measured_in_frozen_cd4_target_set
MRPS14,32,not_measured_in_frozen_cd4_target_set
MRPS16,228,not_measured_in_frozen_cd4_target_set
MRPS17,160,not_measured_in_frozen_cd4_target_set
MRPS18A,93,not_measured_in_frozen_cd4_target_set
MRPS18B,30,not_measured_in_frozen_cd4_target_set
MRPS18C,65,not_measured_in_frozen_cd4_target_set
MRPS2,78,not_measured_in_frozen_cd4_target_set
MRPS21,251,not_measured_in_frozen_cd4_target_set
MRPS22,72,not_measured_in_frozen_cd4_target_set
MRPS23,102,not_measured_in_frozen_cd4_target_set
MRPS24,81,not_measured_in_frozen_cd4_target_set
MRPS25,137,not_measured_in_frozen_cd4_target_set
MRPS26,128,not_measured_in_frozen_cd4_target_set
MRPS27,137,not_measured_in_frozen_cd4_target_set
MRPS28,103,not_measured_in_frozen_cd4_target_set
MRPS30,118,not_measured_in_frozen_cd4_target_set
MRPS31,69,not_measured_in_frozen_cd4_target_set
MRPS33,94,not_measured_in_frozen_cd4_target_set
MRPS34,70,not_measured_in_frozen_cd4_target_set
MRPS35,104,not_measured_in_frozen_cd4_target_set
MRPS5,168,not_measured_in_frozen_cd4_target_set
MRPS6,213,not_measured_in_frozen_cd4_target_set
MRPS7,118,not_measured_in_frozen_cd4_target_set
MRPS9,92,not_measured_in_frozen_cd4_target_set
MST1,78,not_measured_in_frozen_cd4_target_set
MTBP,86,not_measured_in_frozen_cd4_target_set
MTCP1,43,not_measured_in_frozen_cd4_target_set
MTHFD1,98,not_measured_in_frozen_cd4_target_set
MTOR,102,not_measured_in_frozen_cd4_target_set
MTPAP,84,not_measured_in_frozen_cd4_target_set
MVD,72,not_measured_in_frozen_cd4_target_set
MVK,422,not_measured_in_frozen_cd4_target_set
MYBBP1A,31,not_measured_in_frozen_cd4_target_set
MYBL2,894,not_measured_in_frozen_cd4_target_set
MYO1H,140,not_measured_in_frozen_cd4_target_set
MZF1,121,not_measured_in_frozen_cd4_target_set
MZT1,47,not_measured_in_frozen_cd4_target_set
NAA10,61,not_measured_in_frozen_cd4_target_set
NAA15,57,not_measured_in_frozen_cd4_target_set
NAA20,98,not_measured_in_frozen_cd4_target_set
NAA25,146,not_measured_in_frozen_cd4_target_set
NAA30,135,not_measured_in_frozen_cd4_target_set
NAA38,90,not_measured_in_frozen_cd4_target_set
NAA50,64,not_measured_in_frozen_cd4_target_set
NACA,31,not_measured_in_frozen_cd4_target_set
NAE1,53,not_measured_in_frozen_cd4_target_set
NAF1,60,not_measured_in_frozen_cd4_target_set
NANOG,73,not_measured_in_frozen_cd4_target_set
NARS,75,not_measured_in_frozen_cd4_target_set
NASP,103,not_measured_in_frozen_cd4_target_set
NBAS,70,not_measured_in_frozen_cd4_target_set
NBPF12,1159,not_measured_in_frozen_cd4_target_set
NBPF15,154,not_measured_in_frozen_cd4_target_set
NBPF3,83,not_measured_in_frozen_cd4_target_set
NCAPD2,123,not_measured_in_frozen_cd4_target_set
NCAPG,33,not_measured_in_frozen_cd4_target_set
NCAPH,36,not_measured_in_frozen_cd4_target_set
NCAPH2,64,not_measured_in_frozen_cd4_target_set
NCBP2,39,not_measured_in_frozen_cd4_target_set
NCL,94,not_measured_in_frozen_cd4_target_set
NDC1,111,not_measured_in_frozen_cd4_target_set
NDC80,100,not_measured_in_frozen_cd4_target_set
NDOR1,64,not_measured_in_frozen_cd4_target_set
NDUFA2,35,not_measured_in_frozen_cd4_target_set
NDUFA6,110,not_measured_in_frozen_cd4_target_set
NDUFAB1,76,not_measured_in_frozen_cd4_target_set
NDUFB10,97,not_measured_in_frozen_cd4_target_set
NDUFB7,106,not_measured_in_frozen_cd4_target_set
NDUFB8,154,not_measured_in_frozen_cd4_target_set
NEDD1,151,not_measured_in_frozen_cd4_target_set
NEDD8,61,not_measured_in_frozen_cd4_target_set
NEDD8-MDP1,51,not_measured_in_frozen_cd4_target_set
NELFA,60,not_measured_in_frozen_cd4_target_set
NELFB,153,not_measured_in_frozen_cd4_target_set
NELFCD,113,not_measured_in_frozen_cd4_target_set
NFKBIE,62,not_measured_in_frozen_cd4_target_set
NFS1,56,not_measured_in_frozen_cd4_target_set
NFYB,84,not_measured_in_frozen_cd4_target_set
NFYC,121,not_measured_in_frozen_cd4_target_set
NHLRC2,76,not_measured_in_frozen_cd4_target_set
NHP2,48,not_measured_in_frozen_cd4_target_set
NIFK,63,not_measured_in_frozen_cd4_target_set
NKAP,83,not_measured_in_frozen_cd4_target_set
NKX6-1,38,not_measured_in_frozen_cd4_target_set
NLE1,37,not_measured_in_frozen_cd4_target_set
NMD3,42,not_measured_in_frozen_cd4_target_set
NMT1,72,not_measured_in_frozen_cd4_target_set
NOC3L,45,not_measured_in_frozen_cd4_target_set
NOL11,30,not_measured_in_frozen_cd4_target_set
NOL7,60,not_measured_in_frozen_cd4_target_set
NOL8,38,not_measured_in_frozen_cd4_target_set
NOLC1,39,not_measured_in_frozen_cd4_target_set
NOM1,59,not_measured_in_frozen_cd4_target_set
NOMO3,115,not_measured_in_frozen_cd4_target_set
NOP14,37,not_measured_in_frozen_cd4_target_set
NOP56,93,not_measured_in_frozen_cd4_target_set
NOP9,39,not_measured_in_frozen_cd4_target_set
NOS1AP,79,not_measured_in_frozen_cd4_target_set
NPB,131,not_measured_in_frozen_cd4_target_set
NPLOC4,193,not_measured_in_frozen_cd4_target_set
NPM1,44,not_measured_in_frozen_cd4_target_set
NRDE2,46,not_measured_in_frozen_cd4_target_set
NRF1,54,not_measured_in_frozen_cd4_target_set
NSA2,41,not_measured_in_frozen_cd4_target_set
NSF,65,not_measured_in_frozen_cd4_target_set
NSL1,51,not_measured_in_frozen_cd4_target_set
NSMCE1,50,not_measured_in_frozen_cd4_target_set
NSMCE2,75,not_measured_in_frozen_cd4_target_set
NSRP1,43,not_measured_in_frozen_cd4_target_set
NUBP1,37,not_measured_in_frozen_cd4_target_set
NUBP2,92,not_measured_in_frozen_cd4_target_set
NUDC,57,not_measured_in_frozen_cd4_target_set
NUDCD3,134,not_measured_in_frozen_cd4_target_set
NUF2,62,not_measured_in_frozen_cd4_target_set
NUP107,143,not_measured_in_frozen_cd4_target_set
NUP133,110,not_measured_in_frozen_cd4_target_set
NUP153,113,not_measured_in_frozen_cd4_target_set
NUP155,31,not_measured_in_frozen_cd4_target_set
NUP160,63,not_measured_in_frozen_cd4_target_set
NUP205,55,not_measured_in_frozen_cd4_target_set
NUP214,74,not_measured_in_frozen_cd4_target_set
NUP43,72,not_measured_in_frozen_cd4_target_set
NUP54,80,not_measured_in_frozen_cd4_target_set
NUP62,75,not_measured_in_frozen_cd4_target_set
NUP85,77,not_measured_in_frozen_cd4_target_set
NUP88,114,not_measured_in_frozen_cd4_target_set
NUP98,106,not_measured_in_frozen_cd4_target_set
NUS1,75,not_measured_in_frozen_cd4_target_set
NUTF2,66,not_measured_in_frozen_cd4_target_set
NVL,37,not_measured_in_frozen_cd4_target_set
NXF1,196,not_measured_in_frozen_cd4_target_set
OGFOD1,55,not_measured_in_frozen_cd4_target_set
OIP5,136,not_measured_in_frozen_cd4_target_set
OLFML3,135,not_measured_in_frozen_cd4_target_set
OR1D2,77,not_measured_in_frozen_cd4_target_set
OR1E2,191,not_measured_in_frozen_cd4_target_set
OR2A1,44,not_measured_in_frozen_cd4_target_set
OR2T29,72,not_measured_in_frozen_cd4_target_set
OR2T5,89,not_measured_in_frozen_cd4_target_set
OR4K1,94,not_measured_in_frozen_cd4_target_set
OR4N2,65,not_measured_in_frozen_cd4_target_set
OR7A10,57,not_measured_in_frozen_cd4_target_set
OR7A17,84,not_measured_in_frozen_cd4_target_set
ORC1,57,not_measured_in_frozen_cd4_target_set
ORC3,58,not_measured_in_frozen_cd4_target_set
ORC4,165,not_measured_in_frozen_cd4_target_set
ORC5,116,not_measured_in_frozen_cd4_target_set
ORC6,37,not_measured_in_frozen_cd4_target_set
OSGEP,71,not_measured_in_frozen_cd4_target_set
OTOP1,162,not_measured_in_frozen_cd4_target_set
OTX1,127,not_measured_in_frozen_cd4_target_set
OVCA2,101,not_measured_in_frozen_cd4_target_set
PABPC1,102,not_measured_in_frozen_cd4_target_set
PABPC4,84,not_measured_in_frozen_cd4_target_set
PABPN1,41,not_measured_in_frozen_cd4_target_set
PAF1,75,not_measured_in_frozen_cd4_target_set
PALB2,37,not_measured_in_frozen_cd4_target_set
PAM16,80,not_measured_in_frozen_cd4_target_set
PAXBP1,142,not_measured_in_frozen_cd4_target_set
PC,134,not_measured_in_frozen_cd4_target_set
PCBP1,205,not_measured_in_frozen_cd4_target_set
PCF11,42,not_measured_in_frozen_cd4_target_set
PCID2,170,not_measured_in_frozen_cd4_target_set
PCNA,56,not_measured_in_frozen_cd4_target_set
PDAP1,41,not_measured_in_frozen_cd4_target_set
PDCD11,51,not_measured_in_frozen_cd4_target_set
PDCD2,32,not_measured_in_frozen_cd4_target_set
PDCD6,119,not_measured_in_frozen_cd4_target_set
PDCD7,34,not_measured_in_frozen_cd4_target_set
PDPK1,43,not_measured_in_frozen_cd4_target_set
PELO,121,not_measured_in_frozen_cd4_target_set
PELP1,72,not_measured_in_frozen_cd4_target_set
PES1,37,not_measured_in_frozen_cd4_target_set
PET117,155,not_measured_in_frozen_cd4_target_set
PFDN2,40,not_measured_in_frozen_cd4_target_set
PFDN4,100,not_measured_in_frozen_cd4_target_set
PFDN6,31,not_measured_in_frozen_cd4_target_set
PFN1,128,not_measured_in_frozen_cd4_target_set
PGAM1,120,not_measured_in_frozen_cd4_target_set
PGD,102,not_measured_in_frozen_cd4_target_set
PGK1,112,not_measured_in_frozen_cd4_target_set
PGS1,96,not_measured_in_frozen_cd4_target_set
PHAX,162,not_measured_in_frozen_cd4_target_set
PHB,84,not_measured_in_frozen_cd4_target_set
PHB2,78,not_measured_in_frozen_cd4_target_set
PHF10,126,not_measured_in_frozen_cd4_target_set
PHF5A,47,not_measured_in_frozen_cd4_target_set
PI4KA,69,not_measured_in_frozen_cd4_target_set
PKMYT1,95,not_measured_in_frozen_cd4_target_set
PLA2G10,123,not_measured_in_frozen_cd4_target_set
PLEKHN1,84,not_measured_in_frozen_cd4_target_set
PLK1,36,not_measured_in_frozen_cd4_target_set
PLK4,174,not_measured_in_frozen_cd4_target_set
PLRG1,60,not_measured_in_frozen_cd4_target_set
PMF1,338,not_measured_in_frozen_cd4_target_set
PMPCA,67,not_measured_in_frozen_cd4_target_set
PMPCB,196,not_measured_in_frozen_cd4_target_set
PNISR,152,not_measured_in_frozen_cd4_target_set
PNKP,58,not_measured_in_frozen_cd4_target_set
PNN,88,not_measured_in_frozen_cd4_target_set
POGLUT3,784,not_measured_in_frozen_cd4_target_set
POGZ,127,not_measured_in_frozen_cd4_target_set
POLA1,53,not_measured_in_frozen_cd4_target_set
POLA2,45,not_measured_in_frozen_cd4_target_set
POLD1,92,not_measured_in_frozen_cd4_target_set
POLD2,108,not_measured_in_frozen_cd4_target_set
POLD3,48,not_measured_in_frozen_cd4_target_set
POLE,38,not_measured_in_frozen_cd4_target_set
POLR1C,233,not_measured_in_frozen_cd4_target_set
POLR1E,74,not_measured_in_frozen_cd4_target_set
POLR2B,33,not_measured_in_frozen_cd4_target_set
POLR2D,82,not_measured_in_frozen_cd4_target_set
POLR2E,87,not_measured_in_frozen_cd4_target_set
POLR2F,85,not_measured_in_frozen_cd4_target_set
POLR2I,174,not_measured_in_frozen_cd4_target_set
POLR2M,173,not_measured_in_frozen_cd4_target_set
POLR3B,34,not_measured_in_frozen_cd4_target_set
POLR3C,45,not_measured_in_frozen_cd4_target_set
POLR3D,31,not_measured_in_frozen_cd4_target_set
POLR3E,43,not_measured_in_frozen_cd4_target_set
POLR3F,40,not_measured_in_frozen_cd4_target_set
POLR3H,52,not_measured_in_frozen_cd4_target_set
POLRMT,212,not_measured_in_frozen_cd4_target_set
POP1,34,not_measured_in_frozen_cd4_target_set
POP4,42,not_measured_in_frozen_cd4_target_set
POP5,41,not_measured_in_frozen_cd4_target_set
POP7,65,not_measured_in_frozen_cd4_target_set
POTEI,117,not_measured_in_frozen_cd4_target_set
POU3F1,133,not_measured_in_frozen_cd4_target_set
POU5F1B,225,not_measured_in_frozen_cd4_target_set
PPA1,145,not_measured_in_frozen_cd4_target_set
PPA2,81,not_measured_in_frozen_cd4_target_set
PPIL2,37,not_measured_in_frozen_cd4_target_set
PPIL4,87,not_measured_in_frozen_cd4_target_set
PPME1,169,not_measured_in_frozen_cd4_target_set
PPP1CA,177,not_measured_in_frozen_cd4_target_set
PPP1R11,47,not_measured_in_frozen_cd4_target_set
PPP1R15B,61,not_measured_in_frozen_cd4_target_set
PPP1R2,82,not_measured_in_frozen_cd4_target_set
PPP1R7,54,not_measured_in_frozen_cd4_target_set
PPP1R8,145,not_measured_in_frozen_cd4_target_set
PPP2CA,107,not_measured_in_frozen_cd4_target_set
PPP2R1A,296,not_measured_in_frozen_cd4_target_set
PPP2R3C,134,not_measured_in_frozen_cd4_target_set
PPP4C,43,not_measured_in_frozen_cd4_target_set
PPWD1,48,not_measured_in_frozen_cd4_target_set
PPY,57,not_measured_in_frozen_cd4_target_set
PRC1,54,not_measured_in_frozen_cd4_target_set
PRDM10,54,not_measured_in_frozen_cd4_target_set
PRDM8,30,not_measured_in_frozen_cd4_target_set
PRELID1,43,not_measured_in_frozen_cd4_target_set
PRELID3B,132,not_measured_in_frozen_cd4_target_set
PRIM1,43,not_measured_in_frozen_cd4_target_set
PRIM2,33,not_measured_in_frozen_cd4_target_set
PRKRA,54,not_measured_in_frozen_cd4_target_set
PRKRIP1,186,not_measured_in_frozen_cd4_target_set
PRMT1,40,not_measured_in_frozen_cd4_target_set
PRMT5,172,not_measured_in_frozen_cd4_target_set
PRODH,296,not_measured_in_frozen_cd4_target_set
PRPF18,61,not_measured_in_frozen_cd4_target_set
PRPF19,96,not_measured_in_frozen_cd4_target_set
PRPF3,113,not_measured_in_frozen_cd4_target_set
PRPF31,156,not_measured_in_frozen_cd4_target_set
PRPF38A,39,not_measured_in_frozen_cd4_target_set
PRPF4,85,not_measured_in_frozen_cd4_target_set
PRPF40A,45,not_measured_in_frozen_cd4_target_set
PRPF4B,32,not_measured_in_frozen_cd4_target_set
PRPF6,62,not_measured_in_frozen_cd4_target_set
PRPF8,89,not_measured_in_frozen_cd4_target_set
PRSS50,150,not_measured_in_frozen_cd4_target_set
PSMA2,33,not_measured_in_frozen_cd4_target_set
PSMA3,45,not_measured_in_frozen_cd4_target_set
PSMA4,94,not_measured_in_frozen_cd4_target_set
PSMA6,32,not_measured_in_frozen_cd4_target_set
PSMB1,33,not_measured_in_frozen_cd4_target_set
PSMB2,70,not_measured_in_frozen_cd4_target_set
PSMB3,49,not_measured_in_frozen_cd4_target_set
PSMB4,57,not_measured_in_frozen_cd4_target_set
PSMB6,68,not_measured_in_frozen_cd4_target_set
PSMC1,82,not_measured_in_frozen_cd4_target_set
PSMC2,39,not_measured_in_frozen_cd4_target_set
PSMC4,39,not_measured_in_frozen_cd4_target_set
PSMC5,106,not_measured_in_frozen_cd4_target_set
PSMD1,32,not_measured_in_frozen_cd4_target_set
PSMD13,36,not_measured_in_frozen_cd4_target_set
PSMD14,70,not_measured_in_frozen_cd4_target_set
PSMD6,34,not_measured_in_frozen_cd4_target_set
PSMD7,32,not_measured_in_frozen_cd4_target_set
PSMD8,56,not_measured_in_frozen_cd4_target_set
PSMD9,64,not_measured_in_frozen_cd4_target_set
PSMG2,57,not_measured_in_frozen_cd4_target_set
PSMG3,266,not_measured_in_frozen_cd4_target_set
PSTK,287,not_measured_in_frozen_cd4_target_set
PTBP1,43,not_measured_in_frozen_cd4_target_set
PTCD1,71,not_measured_in_frozen_cd4_target_set
PTK2,85,not_measured_in_frozen_cd4_target_set
PTMA,190,not_measured_in_frozen_cd4_target_set
PTPMT1,103,not_measured_in_frozen_cd4_target_set
PTPN1,98,not_measured_in_frozen_cd4_target_set
PTPN23,33,not_measured_in_frozen_cd4_target_set
PUF60,53,not_measured_in_frozen_cd4_target_set
PYROXD1,136,not_measured_in_frozen_cd4_target_set
QARS,80,not_measured_in_frozen_cd4_target_set
RAB18,48,not_measured_in_frozen_cd4_target_set
RAB4B,230,not_measured_in_frozen_cd4_target_set
RAB6A,91,not_measured_in_frozen_cd4_target_set
RABGGTA,190,not_measured_in_frozen_cd4_target_set
RABGGTB,110,not_measured_in_frozen_cd4_target_set
RAD17,59,not_measured_in_frozen_cd4_target_set
RAD51D,125,not_measured_in_frozen_cd4_target_set
RAD9A,149,not_measured_in_frozen_cd4_target_set
RAMAC,61,not_measured_in_frozen_cd4_target_set
RAN,69,not_measured_in_frozen_cd4_target_set
RANBP2,43,not_measured_in_frozen_cd4_target_set
RANGAP1,84,not_measured_in_frozen_cd4_target_set
RARS,48,not_measured_in_frozen_cd4_target_set
RARS2,135,not_measured_in_frozen_cd4_target_set
RBBP4,55,not_measured_in_frozen_cd4_target_set
RBBP5,78,not_measured_in_frozen_cd4_target_set
RBM10,136,not_measured_in_frozen_cd4_target_set
RBM12,89,not_measured_in_frozen_cd4_target_set
RBM14-RBM4,257,not_measured_in_frozen_cd4_target_set
RBM15,213,not_measured_in_frozen_cd4_target_set
RBM25,36,not_measured_in_frozen_cd4_target_set
RBM39,57,not_measured_in_frozen_cd4_target_set
RBM4,52,not_measured_in_frozen_cd4_target_set
RBM42,49,not_measured_in_frozen_cd4_target_set
RBM48,35,not_measured_in_frozen_cd4_target_set
RBMX2,105,not_measured_in_frozen_cd4_target_set
RBMXL1,89,not_measured_in_frozen_cd4_target_set
RBX1,79,not_measured_in_frozen_cd4_target_set
RCC1,186,not_measured_in_frozen_cd4_target_set
RCL1,38,not_measured_in_frozen_cd4_target_set
RELL2,49,not_measured_in_frozen_cd4_target_set
RFC1,56,not_measured_in_frozen_cd4_target_set
RFC2,79,not_measured_in_frozen_cd4_target_set
RFC3,61,not_measured_in_frozen_cd4_target_set
RFC4,36,not_measured_in_frozen_cd4_target_set
RFC5,44,not_measured_in_frozen_cd4_target_set
RFT1,95,not_measured_in_frozen_cd4_target_set
RGP1,64,not_measured_in_frozen_cd4_target_set
RGPD6,381,not_measured_in_frozen_cd4_target_set
RHOQ,347,not_measured_in_frozen_cd4_target_set
RINT1,72,not_measured_in_frozen_cd4_target_set
RIOK1,47,not_measured_in_frozen_cd4_target_set
RNASEH2C,144,not_measured_in_frozen_cd4_target_set
RNF113A,59,not_measured_in_frozen_cd4_target_set
RNF123,173,not_measured_in_frozen_cd4_target_set
RNF20,155,not_measured_in_frozen_cd4_target_set
RNF4,52,not_measured_in_frozen_cd4_target_set
RNF40,69,not_measured_in_frozen_cd4_target_set
RNGTT,46,not_measured_in_frozen_cd4_target_set
RNMT,71,not_measured_in_frozen_cd4_target_set
RNPC3,65,not_measured_in_frozen_cd4_target_set
RNPS1,36,not_measured_in_frozen_cd4_target_set
RPA1,71,not_measured_in_frozen_cd4_target_set
RPA2,75,not_measured_in_frozen_cd4_target_set
RPA3,110,not_measured_in_frozen_cd4_target_set
RPAP1,37,not_measured_in_frozen_cd4_target_set
RPAP3,39,not_measured_in_frozen_cd4_target_set
RPIA,36,not_measured_in_frozen_cd4_target_set
RPL10,78,not_measured_in_frozen_cd4_target_set
RPL10A,95,not_measured_in_frozen_cd4_target_set
RPL11,75,not_measured_in_frozen_cd4_target_set
RPL12,81,not_measured_in_frozen_cd4_target_set
RPL13,54,not_measured_in_frozen_cd4_target_set
RPL13A,53,not_measured_in_frozen_cd4_target_set
RPL14,43,not_measured_in_frozen_cd4_target_set
RPL15,36,not_measured_in_frozen_cd4_target_set
RPL17,60,not_measured_in_frozen_cd4_target_set
RPL18,61,not_measured_in_frozen_cd4_target_set
RPL18A,41,not_measured_in_frozen_cd4_target_set
RPL21,32,not_measured_in_frozen_cd4_target_set
RPL23,110,not_measured_in_frozen_cd4_target_set
RPL23A,50,not_measured_in_frozen_cd4_target_set
RPL24,65,not_measured_in_frozen_cd4_target_set
RPL26,55,not_measured_in_frozen_cd4_target_set
RPL26L1,63,not_measured_in_frozen_cd4_target_set
RPL27A,47,not_measured_in_frozen_cd4_target_set
RPL28,38,not_measured_in_frozen_cd4_target_set
RPL29,34,not_measured_in_frozen_cd4_target_set
RPL3,30,not_measured_in_frozen_cd4_target_set
RPL30,41,not_measured_in_frozen_cd4_target_set
RPL31,44,not_measured_in_frozen_cd4_target_set
RPL32,75,not_measured_in_frozen_cd4_target_set
RPL34,37,not_measured_in_frozen_cd4_target_set
RPL35,68,not_measured_in_frozen_cd4_target_set
RPL35A,112,not_measured_in_frozen_cd4_target_set
RPL36,80,not_measured_in_frozen_cd4_target_set
RPL36A,51,not_measured_in_frozen_cd4_target_set
RPL36AL,55,not_measured_in_frozen_cd4_target_set
RPL37,42,not_measured_in_frozen_cd4_target_set
RPL37A,75,not_measured_in_frozen_cd4_target_set
RPL39,45,not_measured_in_frozen_cd4_target_set
RPL4,75,not_measured_in_frozen_cd4_target_set
RPL41,185,not_measured_in_frozen_cd4_target_set
RPL5,58,not_measured_in_frozen_cd4_target_set
RPL6,76,not_measured_in_frozen_cd4_target_set
RPL7,122,not_measured_in_frozen_cd4_target_set
RPL7L1,51,not_measured_in_frozen_cd4_target_set
RPL8,69,not_measured_in_frozen_cd4_target_set
RPL9,50,not_measured_in_frozen_cd4_target_set
RPLP0,114,not_measured_in_frozen_cd4_target_set
RPLP2,62,not_measured_in_frozen_cd4_target_set
RPN1,70,not_measured_in_frozen_cd4_target_set
RPN2,71,not_measured_in_frozen_cd4_target_set
RPP14,43,not_measured_in_frozen_cd4_target_set
RPP21,127,not_measured_in_frozen_cd4_target_set
RPP30,45,not_measured_in_frozen_cd4_target_set
RPRD1B,71,not_measured_in_frozen_cd4_target_set
RPS10,30,not_measured_in_frozen_cd4_target_set
RPS10-NUDT3,45,not_measured_in_frozen_cd4_target_set
RPS12,31,not_measured_in_frozen_cd4_target_set
RPS13,132,not_measured_in_frozen_cd4_target_set
RPS14,68,not_measured_in_frozen_cd4_target_set
RPS15,57,not_measured_in_frozen_cd4_target_set
RPS18,41,not_measured_in_frozen_cd4_target_set
RPS19,57,not_measured_in_frozen_cd4_target_set
RPS2,52,not_measured_in_frozen_cd4_target_set
RPS24,38,not_measured_in_frozen_cd4_target_set
RPS26,31,not_measured_in_frozen_cd4_target_set
RPS27,56,not_measured_in_frozen_cd4_target_set
RPS27A,69,not_measured_in_frozen_cd4_target_set
RPS29,135,not_measured_in_frozen_cd4_target_set
RPS3,50,not_measured_in_frozen_cd4_target_set
RPS3A,40,not_measured_in_frozen_cd4_target_set
RPS6,51,not_measured_in_frozen_cd4_target_set
RPS7,38,not_measured_in_frozen_cd4_target_set
RPS8,34,not_measured_in_frozen_cd4_target_set
RPS9,35,not_measured_in_frozen_cd4_target_set
RPUSD4,66,not_measured_in_frozen_cd4_target_set
RRM1,67,not_measured_in_frozen_cd4_target_set
RRM2,229,not_measured_in_frozen_cd4_target_set
RRN3,44,not_measured_in_frozen_cd4_target_set
RRP12,31,not_measured_in_frozen_cd4_target_set
RRP9,30,not_measured_in_frozen_cd4_target_set
RRS1,64,not_measured_in_frozen_cd4_target_set
RSL1D1,228,not_measured_in_frozen_cd4_target_set
RTCB,65,not_measured_in_frozen_cd4_target_set
RTEL1,305,not_measured_in_frozen_cd4_target_set
RTF1,50,not_measured_in_frozen_cd4_target_set
RTRAF,197,not_measured_in_frozen_cd4_target_set
RTTN,102,not_measured_in_frozen_cd4_target_set
RUVBL1,119,not_measured_in_frozen_cd4_target_set
RUVBL2,64,not_measured_in_frozen_cd4_target_set
S100A1,112,not_measured_in_frozen_cd4_target_set
SACM1L,71,not_measured_in_frozen_cd4_target_set
SAE1,95,not_measured_in_frozen_cd4_target_set
SAMM50,43,not_measured_in_frozen_cd4_target_set
SAP130,36,not_measured_in_frozen_cd4_target_set
SAP30BP,37,not_measured_in_frozen_cd4_target_set
SARNP,52,not_measured_in_frozen_cd4_target_set
SART1,105,not_measured_in_frozen_cd4_target_set
SART3,240,not_measured_in_frozen_cd4_target_set
SASS6,50,not_measured_in_frozen_cd4_target_set
SBDS,87,not_measured_in_frozen_cd4_target_set
SBNO1,172,not_measured_in_frozen_cd4_target_set
SCAF1,73,not_measured_in_frozen_cd4_target_set
SCFD1,67,not_measured_in_frozen_cd4_target_set
SDAD1,38,not_measured_in_frozen_cd4_target_set
SDC1,83,not_measured_in_frozen_cd4_target_set
SDE2,54,not_measured_in_frozen_cd4_target_set
SDHA,76,not_measured_in_frozen_cd4_target_set
SDHC,49,not_measured_in_frozen_cd4_target_set
SDHD,51,not_measured_in_frozen_cd4_target_set
SEC61A1,90,not_measured_in_frozen_cd4_target_set
SEC61B,54,not_measured_in_frozen_cd4_target_set
SEH1L,124,not_measured_in_frozen_cd4_target_set
SEM1,97,not_measured_in_frozen_cd4_target_set
SEPHS2,81,not_measured_in_frozen_cd4_target_set
SEPSECS,168,not_measured_in_frozen_cd4_target_set
SERBP1,102,not_measured_in_frozen_cd4_target_set
SERPINB1,87,not_measured_in_frozen_cd4_target_set
SETD1A,83,not_measured_in_frozen_cd4_target_set
SETD2,50,not_measured_in_frozen_cd4_target_set
SF1,30,not_measured_in_frozen_cd4_target_set
SF3A1,88,not_measured_in_frozen_cd4_target_set
SF3A2,156,not_measured_in_frozen_cd4_target_set
SF3B1,43,not_measured_in_frozen_cd4_target_set
SF3B2,41,not_measured_in_frozen_cd4_target_set
SF3B3,165,not_measured_in_frozen_cd4_target_set
SF3B4,70,not_measured_in_frozen_cd4_target_set
SF3B5,82,not_measured_in_frozen_cd4_target_set
SFPQ,118,not_measured_in_frozen_cd4_target_set
SFSWAP,30,not_measured_in_frozen_cd4_target_set
SHC1,143,not_measured_in_frozen_cd4_target_set
SHOC2,59,not_measured_in_frozen_cd4_target_set
SHQ1,150,not_measured_in_frozen_cd4_target_set
SIGLEC14,79,not_measured_in_frozen_cd4_target_set
SKA3,65,not_measured_in_frozen_cd4_target_set
SKP2,38,not_measured_in_frozen_cd4_target_set
SLBP,40,not_measured_in_frozen_cd4_target_set
SLC25A26,50,not_measured_in_frozen_cd4_target_set
SLC25A42,53,not_measured_in_frozen_cd4_target_set
SLC35B1,42,not_measured_in_frozen_cd4_target_set
SLC35G2,393,not_measured_in_frozen_cd4_target_set
SLC35G6,124,not_measured_in_frozen_cd4_target_set
SLC39A9,117,not_measured_in_frozen_cd4_target_set
SLC4A5,107,not_measured_in_frozen_cd4_target_set
SLC7A6OS,107,not_measured_in_frozen_cd4_target_set
SLC9B1,87,not_measured_in_frozen_cd4_target_set
SLU7,78,not_measured_in_frozen_cd4_target_set
SMARCC1,89,not_measured_in_frozen_cd4_target_set
SMARCE1,51,not_measured_in_frozen_cd4_target_set
SMC1A,94,not_measured_in_frozen_cd4_target_set
SMC2,82,not_measured_in_frozen_cd4_target_set
SMC3,30,not_measured_in_frozen_cd4_target_set
SMC4,83,not_measured_in_frozen_cd4_target_set
SMC5,61,not_measured_in_frozen_cd4_target_set
SMC6,32,not_measured_in_frozen_cd4_target_set
SMG1,48,not_measured_in_frozen_cd4_target_set
SMG5,468,not_measured_in_frozen_cd4_target_set
SMG6,138,not_measured_in_frozen_cd4_target_set
SMN2,424,not_measured_in_frozen_cd4_target_set
SMNDC1,80,not_measured_in_frozen_cd4_target_set
SMU1,82,not_measured_in_frozen_cd4_target_set
SNAPC1,49,not_measured_in_frozen_cd4_target_set
SNAPC3,126,not_measured_in_frozen_cd4_target_set
SNAPC4,87,not_measured_in_frozen_cd4_target_set
SNAPC5,45,not_measured_in_frozen_cd4_target_set
SNF8,155,not_measured_in_frozen_cd4_target_set
SNIP1,46,not_measured_in_frozen_cd4_target_set
SNRNP200,101,not_measured_in_frozen_cd4_target_set
SNRNP25,47,not_measured_in_frozen_cd4_target_set
SNRNP27,96,not_measured_in_frozen_cd4_target_set
SNRNP35,53,not_measured_in_frozen_cd4_target_set
SNRNP40,229,not_measured_in_frozen_cd4_target_set
SNRNP48,76,not_measured_in_frozen_cd4_target_set
SNRNP70,56,not_measured_in_frozen_cd4_target_set
SNRPA,36,not_measured_in_frozen_cd4_target_set
SNRPB,55,not_measured_in_frozen_cd4_target_set
SNRPC,108,not_measured_in_frozen_cd4_target_set
SNRPD1,56,not_measured_in_frozen_cd4_target_set
SNRPD2,33,not_measured_in_frozen_cd4_target_set
SNRPD3,40,not_measured_in_frozen_cd4_target_set
SNRPE,49,not_measured_in_frozen_cd4_target_set
SNRPF,55,not_measured_in_frozen_cd4_target_set
SNRPG,67,not_measured_in_frozen_cd4_target_set
SNUPN,66,not_measured_in_frozen_cd4_target_set
SNW1,192,not_measured_in_frozen_cd4_target_set
SNX15,311,not_measured_in_frozen_cd4_target_set
SON,168,not_measured_in_frozen_cd4_target_set
SPATA5,50,not_measured_in_frozen_cd4_target_set
SPATA5L1,56,not_measured_in_frozen_cd4_target_set
SPC24,69,not_measured_in_frozen_cd4_target_set
SPC25,495,not_measured_in_frozen_cd4_target_set
SPCS2,59,not_measured_in_frozen_cd4_target_set
SPCS3,145,not_measured_in_frozen_cd4_target_set
SPDYE2,83,not_measured_in_frozen_cd4_target_set
SPTSSA,104,not_measured_in_frozen_cd4_target_set
SRA1,172,not_measured_in_frozen_cd4_target_set
SRBD1,54,not_measured_in_frozen_cd4_target_set
SRCAP,125,not_measured_in_frozen_cd4_target_set
SRF,95,not_measured_in_frozen_cd4_target_set
SRP14,93,not_measured_in_frozen_cd4_target_set
SRP19,45,not_measured_in_frozen_cd4_target_set
SRP68,55,not_measured_in_frozen_cd4_target_set
SRP72,164,not_measured_in_frozen_cd4_target_set
SRPRB,191,not_measured_in_frozen_cd4_target_set
SRRM1,78,not_measured_in_frozen_cd4_target_set
SRRM2,79,not_measured_in_frozen_cd4_target_set
SRRT,84,not_measured_in_frozen_cd4_target_set
SRSF1,42,not_measured_in_frozen_cd4_target_set
SRSF11,317,not_measured_in_frozen_cd4_target_set
SRSF2,40,not_measured_in_frozen_cd4_target_set
SRSF3,47,not_measured_in_frozen_cd4_target_set
SRSF7,151,not_measured_in_frozen_cd4_target_set
SSU72,255,not_measured_in_frozen_cd4_target_set
SSX4,76,not_measured_in_frozen_cd4_target_set
STAT5B,173,not_measured_in_frozen_cd4_target_set
STIL,69,not_measured_in_frozen_cd4_target_set
STT3B,38,not_measured_in_frozen_cd4_target_set
STX5,68,not_measured_in_frozen_cd4_target_set
STXBP4,143,not_measured_in_frozen_cd4_target_set
SUDS3,133,not_measured_in_frozen_cd4_target_set
SUPT16H,33,not_measured_in_frozen_cd4_target_set
SURF6,39,not_measured_in_frozen_cd4_target_set
SYMPK,69,not_measured_in_frozen_cd4_target_set
SYS1,68,not_measured_in_frozen_cd4_target_set
TACC3,594,not_measured_in_frozen_cd4_target_set
TADA3,68,not_measured_in_frozen_cd4_target_set
TAF11,118,not_measured_in_frozen_cd4_target_set
TAF1D,90,not_measured_in_frozen_cd4_target_set
TAF2,67,not_measured_in_frozen_cd4_target_set
TAF3,58,not_measured_in_frozen_cd4_target_set
TAF6,75,not_measured_in_frozen_cd4_target_set
TAF7,49,not_measured_in_frozen_cd4_target_set
TAF8,76,not_measured_in_frozen_cd4_target_set
TAMM41,115,not_measured_in_frozen_cd4_target_set
TANGO6,56,not_measured_in_frozen_cd4_target_set
TARDBP,1675,not_measured_in_frozen_cd4_target_set
TARS,63,not_measured_in_frozen_cd4_target_set
TAZ,98,not_measured_in_frozen_cd4_target_set
TBC1D28,165,not_measured_in_frozen_cd4_target_set
TBC1D3,88,not_measured_in_frozen_cd4_target_set
TBCA,161,not_measured_in_frozen_cd4_target_set
TBCB,40,not_measured_in_frozen_cd4_target_set
TBCD,54,not_measured_in_frozen_cd4_target_set
TBCE,125,not_measured_in_frozen_cd4_target_set
TBP,85,not_measured_in_frozen_cd4_target_set
TBX1,306,not_measured_in_frozen_cd4_target_set
TCERG1,63,not_measured_in_frozen_cd4_target_set
TCOF1,37,not_measured_in_frozen_cd4_target_set
TCP1,30,not_measured_in_frozen_cd4_target_set
TDGF1,44,not_measured_in_frozen_cd4_target_set
TEAD3,143,not_measured_in_frozen_cd4_target_set
TELO2,47,not_measured_in_frozen_cd4_target_set
TEN1,130,not_measured_in_frozen_cd4_target_set
TERF2,68,not_measured_in_frozen_cd4_target_set
TEX10,78,not_measured_in_frozen_cd4_target_set
TFB2M,108,not_measured_in_frozen_cd4_target_set
TFRC,315,not_measured_in_frozen_cd4_target_set
TGS1,65,not_measured_in_frozen_cd4_target_set
THAP1,152,not_measured_in_frozen_cd4_target_set
THG1L,57,not_measured_in_frozen_cd4_target_set
THOC3,70,not_measured_in_frozen_cd4_target_set
THOC5,61,not_measured_in_frozen_cd4_target_set
THOC6,146,not_measured_in_frozen_cd4_target_set
THOC7,175,not_measured_in_frozen_cd4_target_set
TIGD1,97,not_measured_in_frozen_cd4_target_set
TIMM13,123,not_measured_in_frozen_cd4_target_set
TIMM22,31,not_measured_in_frozen_cd4_target_set
TIMM23B,348,not_measured_in_frozen_cd4_target_set
TIMM44,51,not_measured_in_frozen_cd4_target_set
TIMM9,41,not_measured_in_frozen_cd4_target_set
TINF2,48,not_measured_in_frozen_cd4_target_set
TIPIN,34,not_measured_in_frozen_cd4_target_set
TKT,257,not_measured_in_frozen_cd4_target_set
TMEM127,98,not_measured_in_frozen_cd4_target_set
TMEM199,78,not_measured_in_frozen_cd4_target_set
TMEM240,94,not_measured_in_frozen_cd4_target_set
TMEM258,67,not_measured_in_frozen_cd4_target_set
TMSB10,81,not_measured_in_frozen_cd4_target_set
TNNT2,166,not_measured_in_frozen_cd4_target_set
TNPO3,56,not_measured_in_frozen_cd4_target_set
TOE1,69,not_measured_in_frozen_cd4_target_set
TOMM20,67,not_measured_in_frozen_cd4_target_set
TOMM22,115,not_measured_in_frozen_cd4_target_set
TOMM40,80,not_measured_in_frozen_cd4_target_set
TONSL,46,not_measured_in_frozen_cd4_target_set
TOP1,48,not_measured_in_frozen_cd4_target_set
TOP3A,63,not_measured_in_frozen_cd4_target_set
TOR2A,51,not_measured_in_frozen_cd4_target_set
TOX4,171,not_measured_in_frozen_cd4_target_set
TPI1,67,not_measured_in_frozen_cd4_target_set
TPR,131,not_measured_in_frozen_cd4_target_set
TPRKB,134,not_measured_in_frozen_cd4_target_set
TPT1,583,not_measured_in_frozen_cd4_target_set
TRA2B,100,not_measured_in_frozen_cd4_target_set
TRAIP,59,not_measured_in_frozen_cd4_target_set
TRAPPC1,82,not_measured_in_frozen_cd4_target_set
TRAPPC11,235,not_measured_in_frozen_cd4_target_set
TRAPPC3,77,not_measured_in_frozen_cd4_target_set
TRAPPC5,111,not_measured_in_frozen_cd4_target_set
TRAPPC8,34,not_measured_in_frozen_cd4_target_set
TREX2,384,not_measured_in_frozen_cd4_target_set
TRIAP1,38,not_measured_in_frozen_cd4_target_set
TRIM49C,59,not_measured_in_frozen_cd4_target_set
TRMT112,68,not_measured_in_frozen_cd4_target_set
TRMT5,62,not_measured_in_frozen_cd4_target_set
TRMT6,117,not_measured_in_frozen_cd4_target_set
TRNP1,85,not_measured_in_frozen_cd4_target_set
TRNT1,354,not_measured_in_frozen_cd4_target_set
TRPM7,54,not_measured_in_frozen_cd4_target_set
TSEN2,86,not_measured_in_frozen_cd4_target_set
TSEN34,176,not_measured_in_frozen_cd4_target_set
TSEN54,74,not_measured_in_frozen_cd4_target_set
TSG101,59,not_measured_in_frozen_cd4_target_set
TSPYL5,47,not_measured_in_frozen_cd4_target_set
TSR1,207,not_measured_in_frozen_cd4_target_set
TSR2,95,not_measured_in_frozen_cd4_target_set
TSSK3,95,not_measured_in_frozen_cd4_target_set
TTC1,122,not_measured_in_frozen_cd4_target_set
TTC27,34,not_measured_in_frozen_cd4_target_set
TTC4,125,not_measured_in_frozen_cd4_target_set
TTF2,67,not_measured_in_frozen_cd4_target_set
TTI1,81,not_measured_in_frozen_cd4_target_set
TTK,80,not_measured_in_frozen_cd4_target_set
TUBA1B,207,not_measured_in_frozen_cd4_target_set
TUBA3D,35,not_measured_in_frozen_cd4_target_set
TUBB,277,not_measured_in_frozen_cd4_target_set
TUBB2A,152,not_measured_in_frozen_cd4_target_set
TUBD1,123,not_measured_in_frozen_cd4_target_set
TUBG1,139,not_measured_in_frozen_cd4_target_set
TUBGCP2,166,not_measured_in_frozen_cd4_target_set
TUBGCP3,70,not_measured_in_frozen_cd4_target_set
TUBGCP4,102,not_measured_in_frozen_cd4_target_set
TUBGCP5,96,not_measured_in_frozen_cd4_target_set
TUBGCP6,31,not_measured_in_frozen_cd4_target_set
TUFM,176,not_measured_in_frozen_cd4_target_set
TULP1,98,not_measured_in_frozen_cd4_target_set
TUT1,222,not_measured_in_frozen_cd4_target_set
TVP23C,104,not_measured_in_frozen_cd4_target_set
TXN,82,not_measured_in_frozen_cd4_target_set
TXNL4A,33,not_measured_in_frozen_cd4_target_set
TXNL4B,174,not_measured_in_frozen_cd4_target_set
TYK2,60,not_measured_in_frozen_cd4_target_set
U2AF1,83,not_measured_in_frozen_cd4_target_set
U2AF2,43,not_measured_in_frozen_cd4_target_set
UBA1,96,not_measured_in_frozen_cd4_target_set
UBA2,156,not_measured_in_frozen_cd4_target_set
UBA3,61,not_measured_in_frozen_cd4_target_set
UBA5,72,not_measured_in_frozen_cd4_target_set
UBA52,156,not_measured_in_frozen_cd4_target_set
UBAP1,30,not_measured_in_frozen_cd4_target_set
UBE2I,74,not_measured_in_frozen_cd4_target_set
UBE2N,121,not_measured_in_frozen_cd4_target_set
UBE3D,143,not_measured_in_frozen_cd4_target_set
UBL5,126,not_measured_in_frozen_cd4_target_set
UCHL5,86,not_measured_in_frozen_cd4_target_set
UFL1,115,not_measured_in_frozen_cd4_target_set
UHRF1,107,not_measured_in_frozen_cd4_target_set
UMPS,83,not_measured_in_frozen_cd4_target_set
UNC45A,111,not_measured_in_frozen_cd4_target_set
UNC50,32,not_measured_in_frozen_cd4_target_set
UNCX,72,not_measured_in_frozen_cd4_target_set
UPF1,46,not_measured_in_frozen_cd4_target_set
UPF2,113,not_measured_in_frozen_cd4_target_set
UQCRC1,188,not_measured_in_frozen_cd4_target_set
UQCRC2,68,not_measured_in_frozen_cd4_target_set
UQCRFS1,32,not_measured_in_frozen_cd4_target_set
UQCRH,51,not_measured_in_frozen_cd4_target_set
URB2,40,not_measured_in_frozen_cd4_target_set
URI1,86,not_measured_in_frozen_cd4_target_set
UROD,250,not_measured_in_frozen_cd4_target_set
USF2,105,not_measured_in_frozen_cd4_target_set
USP39,122,not_measured_in_frozen_cd4_target_set
USP5,174,not_measured_in_frozen_cd4_target_set
USP7,88,not_measured_in_frozen_cd4_target_set
USP8,47,not_measured_in_frozen_cd4_target_set
USPL1,36,not_measured_in_frozen_cd4_target_set
UTP15,34,not_measured_in_frozen_cd4_target_set
UTP18,51,not_measured_in_frozen_cd4_target_set
UTP20,32,not_measured_in_frozen_cd4_target_set
UTP23,49,not_measured_in_frozen_cd4_target_set
UTP3,63,not_measured_in_frozen_cd4_target_set
UXT,64,not_measured_in_frozen_cd4_target_set
VARS,87,not_measured_in_frozen_cd4_target_set
VCP,30,not_measured_in_frozen_cd4_target_set
VEZT,111,not_measured_in_frozen_cd4_target_set
VMP1,55,not_measured_in_frozen_cd4_target_set
VPS13D,97,not_measured_in_frozen_cd4_target_set
VPS18,80,not_measured_in_frozen_cd4_target_set
VPS25,108,not_measured_in_frozen_cd4_target_set
VPS28,51,not_measured_in_frozen_cd4_target_set
VPS33A,65,not_measured_in_frozen_cd4_target_set
VPS35,136,not_measured_in_frozen_cd4_target_set
VPS37A,144,not_measured_in_frozen_cd4_target_set
VPS37C,116,not_measured_in_frozen_cd4_target_set
VPS41,272,not_measured_in_frozen_cd4_target_set
VPS51,48,not_measured_in_frozen_cd4_target_set
VPS54,232,not_measured_in_frozen_cd4_target_set
VPS72,89,not_measured_in_frozen_cd4_target_set
WARS,61,not_measured_in_frozen_cd4_target_set
WBP11,168,not_measured_in_frozen_cd4_target_set
WDFY3,54,not_measured_in_frozen_cd4_target_set
WDHD1,40,not_measured_in_frozen_cd4_target_set
WDR1,44,not_measured_in_frozen_cd4_target_set
WDR12,42,not_measured_in_frozen_cd4_target_set
WDR18,81,not_measured_in_frozen_cd4_target_set
WDR24,44,not_measured_in_frozen_cd4_target_set
WDR25,39,not_measured_in_frozen_cd4_target_set
WDR26,51,not_measured_in_frozen_cd4_target_set
WDR33,34,not_measured_in_frozen_cd4_target_set
WDR4,141,not_measured_in_frozen_cd4_target_set
WDR43,33,not_measured_in_frozen_cd4_target_set
WDR44,92,not_measured_in_frozen_cd4_target_set
WDR5,51,not_measured_in_frozen_cd4_target_set
WDR61,60,not_measured_in_frozen_cd4_target_set
WDR7,86,not_measured_in_frozen_cd4_target_set
WDR70,144,not_measured_in_frozen_cd4_target_set
WDR74,73,not_measured_in_frozen_cd4_target_set
WDR77,111,not_measured_in_frozen_cd4_target_set
WDTC1,71,not_measured_in_frozen_cd4_target_set
WEE1,73,not_measured_in_frozen_cd4_target_set
XPO1,46,not_measured_in_frozen_cd4_target_set
XRCC2,93,not_measured_in_frozen_cd4_target_set
XRCC3,65,not_measured_in_frozen_cd4_target_set
XRCC5,56,not_measured_in_frozen_cd4_target_set
XRCC6,74,not_measured_in_frozen_cd4_target_set
YAE1,40,not_measured_in_frozen_cd4_target_set
YARS,98,not_measured_in_frozen_cd4_target_set
YBX3,69,not_measured_in_frozen_cd4_target_set
YEATS4,96,not_measured_in_frozen_cd4_target_set
YJEFN3,237,not_measured_in_frozen_cd4_target_set
YKT6,51,not_measured_in_frozen_cd4_target_set
YTHDC1,205,not_measured_in_frozen_cd4_target_set
ZBTB14,58,not_measured_in_frozen_cd4_target_set
ZBTB17,285,not_measured_in_frozen_cd4_target_set
ZBTB4,40,not_measured_in_frozen_cd4_target_set
ZBTB44,79,not_measured_in_frozen_cd4_target_set
ZC3H13,112,not_measured_in_frozen_cd4_target_set
ZC3H18,66,not_measured_in_frozen_cd4_target_set
ZC3H3,102,not_measured_in_frozen_cd4_target_set
ZCRB1,81,not_measured_in_frozen_cd4_target_set
ZFC3H1,85,not_measured_in_frozen_cd4_target_set
ZFR,130,not_measured_in_frozen_cd4_target_set
ZMAT2,214,not_measured_in_frozen_cd4_target_set
ZMAT5,50,not_measured_in_frozen_cd4_target_set
ZMYM4,83,not_measured_in_frozen_cd4_target_set
ZNF143,32,not_measured_in_frozen_cd4_target_set
ZNF207,134,not_measured_in_frozen_cd4_target_set
ZNF236,102,not_measured_in_frozen_cd4_target_set
ZNF335,47,not_measured_in_frozen_cd4_target_set
ZNF407,64,not_measured_in_frozen_cd4_target_set
ZNF468,103,not_measured_in_frozen_cd4_target_set
ZNF506,104,not_measured_in_frozen_cd4_target_set
ZNF559,57,not_measured_in_frozen_cd4_target_set
ZNF574,168,not_measured_in_frozen_cd4_target_set
ZNF674,126,not_measured_in_frozen_cd4_target_set
ZNF676,38,not_measured_in_frozen_cd4_target_set
ZNF720,68,not_measured_in_frozen_cd4_target_set
ZNF763,111,not_measured_in_frozen_cd4_target_set
ZNF787,35,not_measured_in_frozen_cd4_target_set
ZNF84,67,not_measured_in_frozen_cd4_target_set
ZNHIT1,38,not_measured_in_frozen_cd4_target_set
ZNHIT2,81,not_measured_in_frozen_cd4_target_set
ZNHIT3,78,not_measured_in_frozen_cd4_target_set
ZWINT,51,not_measured_in_frozen_cd4_target_set
