replicate,delta_r2,observed_delta
1,0.12352602268830548,0.0352320913883896
2,0.114751846744506,0.0352320913883896
3,0.0536189826732264,0.0352320913883896
4,0.04599958436640117,0.0352320913883896
5,0.11287509991524936,0.0352320913883896
6,0.07443014447691643,0.0352320913883896
7,0.06379101595007586,0.0352320913883896
8,0.0493068142006472,0.0352320913883896
9,0.12211529873168692,0.0352320913883896
10,0.04226834526767809,0.0352320913883896
11,0.1357317416034255,0.0352320913883896
12,0.07046715066599096,0.0352320913883896
13,0.10136663980806382,0.0352320913883896
14,0.12243635195035063,0.0352320913883896
15,0.08853804493990991,0.0352320913883896
16,0.08847344609939833,0.0352320913883896
17,0.05165491725899429,0.0352320913883896
18,0.06660250280758506,0.0352320913883896
19,0.11536547698275534,0.0352320913883896
20,0.018589625806214705,0.0352320913883896
21,0.10265115381112289,0.0352320913883896
22,0.05711225524720176,0.0352320913883896
23,0.10116809960641637,0.0352320913883896
24,0.055131480614803,0.0352320913883896
25,0.07639759964187653,0.0352320913883896
26,0.09480085389977688,0.0352320913883896
27,0.06878762806567595,0.0352320913883896
28,0.04786435985471327,0.0352320913883896
29,0.09837888429223329,0.0352320913883896
30,0.11092416305045416,0.0352320913883896
31,0.06466530855594355,0.0352320913883896
32,0.08251405409471069,0.0352320913883896
33,0.10474485641887188,0.0352320913883896
34,0.07399548863888317,0.0352320913883896
35,0.061532014190019524,0.0352320913883896
36,0.040839476085096194,0.0352320913883896
37,0.06437362953565962,0.0352320913883896
38,0.09873341552176573,0.0352320913883896
39,0.09256620397495452,0.0352320913883896
40,0.09061405227629149,0.0352320913883896
41,0.062138554524970635,0.0352320913883896
42,0.04809527190009322,0.0352320913883896
43,0.07679279209716217,0.0352320913883896
44,0.07316508418986478,0.0352320913883896
45,-0.03509568201535762,0.0352320913883896
46,0.06678523935019132,0.0352320913883896
47,0.049878830911296745,0.0352320913883896
48,0.08257075457651586,0.0352320913883896
49,0.07827646706357538,0.0352320913883896
50,0.11336819650076058,0.0352320913883896
51,-0.10791638564221118,0.0352320913883896
52,0.03675216180014085,0.0352320913883896
53,0.09412336145024991,0.0352320913883896
54,0.0862117524863859,0.0352320913883896
55,0.0708625665994087,0.0352320913883896
56,0.06260807223644815,0.0352320913883896
57,0.09816344356886508,0.0352320913883896
58,0.0755303557304211,0.0352320913883896
59,0.08867857702727411,0.0352320913883896
60,0.11201780405335282,0.0352320913883896
61,0.07489678043593018,0.0352320913883896
62,0.019708939557843475,0.0352320913883896
63,-0.07171144491711412,0.0352320913883896
64,0.06912811457799128,0.0352320913883896
65,0.0008173650725116222,0.0352320913883896
66,0.02748725494950488,0.0352320913883896
67,0.08221780681579005,0.0352320913883896
68,0.038502684163086554,0.0352320913883896
69,0.03459989491632276,0.0352320913883896
70,-0.0060623102328040135,0.0352320913883896
71,-0.002144182247260762,0.0352320913883896
72,0.025221558412546252,0.0352320913883896
73,0.110554682886841,0.0352320913883896
74,-0.0040207688871573,0.0352320913883896
75,0.09337434753085949,0.0352320913883896
76,-0.02657768911558378,0.0352320913883896
77,0.044571823733206006,0.0352320913883896
78,0.08679341491485881,0.0352320913883896
79,0.07631307875314453,0.0352320913883896
80,0.128505537184041,0.0352320913883896
81,0.020781700636399725,0.0352320913883896
82,-0.021805906826456445,0.0352320913883896
83,0.07678899017762919,0.0352320913883896
84,0.12929746030113753,0.0352320913883896
85,0.04656129350593663,0.0352320913883896
86,0.16101553739912977,0.0352320913883896
87,0.08185581867338143,0.0352320913883896
88,0.038945343703251645,0.0352320913883896
89,0.041846978741876706,0.0352320913883896
90,0.06060448460040213,0.0352320913883896
91,0.08394673670861841,0.0352320913883896
92,0.07742055526422198,0.0352320913883896
93,0.03337238767254036,0.0352320913883896
94,0.05435822317853034,0.0352320913883896
95,0.08775708776237146,0.0352320913883896
96,0.057597448765127734,0.0352320913883896
97,0.10220964876961702,0.0352320913883896
98,0.09104815592684967,0.0352320913883896
99,0.06227660321987627,0.0352320913883896
100,0.06899663933907685,0.0352320913883896
101,0.008616131722576803,0.0352320913883896
102,0.1069847911623123,0.0352320913883896
103,0.08430587165030479,0.0352320913883896
104,0.09530418001840768,0.0352320913883896
105,0.08485318561093069,0.0352320913883896
106,0.0031154766410718127,0.0352320913883896
107,-0.020908454051427938,0.0352320913883896
108,0.11725675793465262,0.0352320913883896
109,-0.003939199384179526,0.0352320913883896
110,0.07174600156265454,0.0352320913883896
111,0.0865250839717514,0.0352320913883896
112,0.104998202757563,0.0352320913883896
113,0.03066817896791607,0.0352320913883896
114,0.004652441248011341,0.0352320913883896
115,0.09210324273975823,0.0352320913883896
116,0.05457563005242538,0.0352320913883896
117,0.09762677775574424,0.0352320913883896
118,0.009915779061788199,0.0352320913883896
119,0.06504897831704248,0.0352320913883896
120,0.09530650144022002,0.0352320913883896
121,0.06381908383789581,0.0352320913883896
122,0.12288210671068822,0.0352320913883896
123,0.0819508454281882,0.0352320913883896
124,0.09751619185705285,0.0352320913883896
125,0.06335974933535593,0.0352320913883896
126,0.10607812747414147,0.0352320913883896
127,0.07610714770037097,0.0352320913883896
128,0.08139592202870805,0.0352320913883896
129,-0.03454156037813294,0.0352320913883896
130,0.1166118723253653,0.0352320913883896
131,0.03845983321889468,0.0352320913883896
132,0.08317709618311953,0.0352320913883896
133,0.1363543627954239,0.0352320913883896
134,0.06559266318470935,0.0352320913883896
135,0.0666304516889521,0.0352320913883896
136,0.13173992323605987,0.0352320913883896
137,0.028095859187069805,0.0352320913883896
138,0.0810866853855744,0.0352320913883896
139,0.09965863126937158,0.0352320913883896
140,0.06276675074209281,0.0352320913883896
141,0.09863974726788216,0.0352320913883896
142,0.09486232458710686,0.0352320913883896
143,0.051950912159154594,0.0352320913883896
144,0.013637079673475272,0.0352320913883896
145,0.051697648585480094,0.0352320913883896
146,0.10872885736206239,0.0352320913883896
147,0.05016782359852856,0.0352320913883896
148,-0.24091275727054162,0.0352320913883896
149,0.11222584084103959,0.0352320913883896
150,0.08103205475918795,0.0352320913883896
151,0.14367316439696698,0.0352320913883896
152,0.049465916578907865,0.0352320913883896
153,0.08482726714982258,0.0352320913883896
154,0.020189460788479052,0.0352320913883896
155,0.10891182769338437,0.0352320913883896
156,0.06928149687994001,0.0352320913883896
157,0.1360040317569915,0.0352320913883896
158,0.018247028275811594,0.0352320913883896
159,0.06080934078240752,0.0352320913883896
160,0.07594959850539473,0.0352320913883896
161,0.013927658650190411,0.0352320913883896
162,0.044472169296382535,0.0352320913883896
163,0.12584273144380131,0.0352320913883896
164,0.03401473932310384,0.0352320913883896
165,0.047783226198816475,0.0352320913883896
166,0.07418346644876006,0.0352320913883896
167,0.11204795676172341,0.0352320913883896
168,-0.022190719426765537,0.0352320913883896
169,0.14755827949598566,0.0352320913883896
170,0.06585434824791869,0.0352320913883896
171,0.08446485808804471,0.0352320913883896
172,0.03023204122576373,0.0352320913883896
173,0.0628976252735155,0.0352320913883896
174,0.06561571997163529,0.0352320913883896
175,0.05756527073286477,0.0352320913883896
176,0.036356446065041514,0.0352320913883896
177,0.10198391022807607,0.0352320913883896
178,0.07290168901168759,0.0352320913883896
179,-0.011726551137296592,0.0352320913883896
180,0.051104606839872835,0.0352320913883896
181,0.09731446465170335,0.0352320913883896
182,0.06388117851772435,0.0352320913883896
183,0.07995532032106645,0.0352320913883896
184,0.022792787436453854,0.0352320913883896
185,0.016532885966136335,0.0352320913883896
186,0.09997478095654,0.0352320913883896
187,0.03801237195190421,0.0352320913883896
188,-0.03684801192637699,0.0352320913883896
189,0.016306496349759447,0.0352320913883896
190,0.11241880834907225,0.0352320913883896
191,0.14527142827198058,0.0352320913883896
192,0.07730036203079926,0.0352320913883896
193,0.0698748131907323,0.0352320913883896
194,0.13597270442947706,0.0352320913883896
195,0.05413567071858327,0.0352320913883896
196,0.1005515129678709,0.0352320913883896
197,0.10859218919271729,0.0352320913883896
198,0.07075919548473875,0.0352320913883896
199,0.07692971606896548,0.0352320913883896
200,0.10782803712216515,0.0352320913883896
201,0.11461929196042586,0.0352320913883896
202,0.060104381161909304,0.0352320913883896
203,0.08942649726574681,0.0352320913883896
204,0.09714381435463737,0.0352320913883896
205,0.04807390317177007,0.0352320913883896
206,0.10562984110837159,0.0352320913883896
207,0.06942561594026986,0.0352320913883896
208,0.051278198736942615,0.0352320913883896
209,0.058154580216318696,0.0352320913883896
210,0.07253240190563426,0.0352320913883896
211,0.08769317337689964,0.0352320913883896
212,0.09042137071778245,0.0352320913883896
213,0.0686412708918629,0.0352320913883896
214,0.07756309104911319,0.0352320913883896
215,0.07518418617521772,0.0352320913883896
216,0.10049051308790169,0.0352320913883896
217,0.09039078098286346,0.0352320913883896
218,0.03830151338500598,0.0352320913883896
219,0.09207857069820136,0.0352320913883896
220,0.07912722304248287,0.0352320913883896
221,0.06189495295432035,0.0352320913883896
222,0.1026167520564395,0.0352320913883896
223,0.1090972253123903,0.0352320913883896
224,0.05214191125291212,0.0352320913883896
225,0.03111796450970994,0.0352320913883896
226,0.08924089540699054,0.0352320913883896
227,0.09106275803752628,0.0352320913883896
228,0.08111812122556583,0.0352320913883896
229,0.0258845290703692,0.0352320913883896
230,0.09207069362073361,0.0352320913883896
231,0.11927291737347911,0.0352320913883896
232,0.12361281683874537,0.0352320913883896
233,0.04341243447522458,0.0352320913883896
234,0.09266518979529881,0.0352320913883896
235,0.07908233697302314,0.0352320913883896
236,0.05636161422454811,0.0352320913883896
237,0.09165411017232405,0.0352320913883896
238,0.11249627857096345,0.0352320913883896
239,0.07416031323068939,0.0352320913883896
240,0.08876472003260949,0.0352320913883896
241,0.07416160904289948,0.0352320913883896
242,0.1242343482384275,0.0352320913883896
243,0.029704193386906996,0.0352320913883896
244,0.0449751794896005,0.0352320913883896
245,0.08272787489136779,0.0352320913883896
246,0.14516253697446224,0.0352320913883896
247,0.08557349033066408,0.0352320913883896
248,0.06115475548055804,0.0352320913883896
249,0.10827100100193598,0.0352320913883896
250,0.04516001691301008,0.0352320913883896
251,0.059089709321873074,0.0352320913883896
252,0.09259131291438605,0.0352320913883896
253,0.08631932507563078,0.0352320913883896
254,0.0493948033254038,0.0352320913883896
255,0.044623040306692174,0.0352320913883896
256,0.06743217247383126,0.0352320913883896
257,0.09922575174324333,0.0352320913883896
258,-0.021641387403645962,0.0352320913883896
259,0.048666345798387356,0.0352320913883896
260,0.05822694474196277,0.0352320913883896
261,0.0906280445769565,0.0352320913883896
262,0.07696156967064549,0.0352320913883896
263,0.12015125294145057,0.0352320913883896
264,0.10990944453060336,0.0352320913883896
265,0.09557087800479613,0.0352320913883896
266,0.06991941147117331,0.0352320913883896
267,0.04202387299094135,0.0352320913883896
268,-0.006649902779652828,0.0352320913883896
269,0.12664808493310142,0.0352320913883896
270,0.07472618151379817,0.0352320913883896
271,0.08487584207815235,0.0352320913883896
272,0.1171806286909679,0.0352320913883896
273,0.12710435488166727,0.0352320913883896
274,0.019726077378347195,0.0352320913883896
275,0.04464330235444769,0.0352320913883896
276,0.08169632340032507,0.0352320913883896
277,0.1104265439258576,0.0352320913883896
278,0.07988542515503139,0.0352320913883896
279,0.06610972218147482,0.0352320913883896
280,0.10580250604942143,0.0352320913883896
281,0.04985827233622264,0.0352320913883896
282,0.09438847485634094,0.0352320913883896
283,0.09540807003975316,0.0352320913883896
284,0.01587442728617905,0.0352320913883896
285,0.05841872593784847,0.0352320913883896
286,0.03761158817994892,0.0352320913883896
287,0.02961194263879463,0.0352320913883896
288,0.11465197526117177,0.0352320913883896
289,-0.029600812548796762,0.0352320913883896
290,0.0916250135949388,0.0352320913883896
291,0.11832619924491106,0.0352320913883896
292,-0.11216987566589709,0.0352320913883896
293,0.0644065258218921,0.0352320913883896
294,0.08923399890070716,0.0352320913883896
295,0.10963035705350777,0.0352320913883896
296,0.0667836918022825,0.0352320913883896
297,0.0439853796178209,0.0352320913883896
298,0.08292991444302622,0.0352320913883896
299,0.06534711090426393,0.0352320913883896
300,0.07603426940018532,0.0352320913883896
301,0.014605479372815089,0.0352320913883896
302,0.08237026813347659,0.0352320913883896
303,-0.0012032758515682085,0.0352320913883896
304,0.13601440174380075,0.0352320913883896
305,0.04005572309379912,0.0352320913883896
306,0.0465835769795504,0.0352320913883896
307,0.0791404487639299,0.0352320913883896
308,0.0516470574975304,0.0352320913883896
309,0.10804652783182356,0.0352320913883896
310,0.017988105765614826,0.0352320913883896
311,-0.012779323744778304,0.0352320913883896
312,0.040041611893496754,0.0352320913883896
313,0.012989743998663705,0.0352320913883896
314,0.10089020289994688,0.0352320913883896
315,0.06677300005701026,0.0352320913883896
316,0.03895500809637953,0.0352320913883896
317,0.058195249558717355,0.0352320913883896
318,0.06465669075076597,0.0352320913883896
319,0.08882534069077175,0.0352320913883896
320,0.04383029821131579,0.0352320913883896
321,0.06906986489297917,0.0352320913883896
322,0.051045274495676085,0.0352320913883896
323,0.09518043611227822,0.0352320913883896
324,0.13151789442140605,0.0352320913883896
325,0.12281568536885479,0.0352320913883896
326,0.04936265713983501,0.0352320913883896
327,0.08252089326951562,0.0352320913883896
328,0.08716033752700747,0.0352320913883896
329,0.1277091006852762,0.0352320913883896
330,0.10541653734459044,0.0352320913883896
331,0.027018810998555964,0.0352320913883896
332,0.05217384875400688,0.0352320913883896
333,0.0740350104791635,0.0352320913883896
334,0.08079096619906756,0.0352320913883896
335,0.10401560557406608,0.0352320913883896
336,0.04679155367604759,0.0352320913883896
337,0.07045752057090027,0.0352320913883896
338,0.0903870219478411,0.0352320913883896
339,0.08195773031898168,0.0352320913883896
340,0.0867988609482021,0.0352320913883896
341,0.11195281190664796,0.0352320913883896
342,0.059848861516367924,0.0352320913883896
343,0.047871475880039815,0.0352320913883896
344,0.05833073654930576,0.0352320913883896
345,0.10654539696608023,0.0352320913883896
346,0.04370124215526561,0.0352320913883896
347,0.0167215908597087,0.0352320913883896
348,0.08200298048665278,0.0352320913883896
349,0.11446181678406664,0.0352320913883896
350,0.10399040498088219,0.0352320913883896
351,-0.11788048615595703,0.0352320913883896
352,0.07501295304610545,0.0352320913883896
353,0.08886224710485191,0.0352320913883896
354,0.13143940240718155,0.0352320913883896
355,0.09653066950204825,0.0352320913883896
356,0.003522514546826838,0.0352320913883896
357,0.05172016813544078,0.0352320913883896
358,0.09746298260048891,0.0352320913883896
359,0.009194868211519935,0.0352320913883896
360,0.05165776468429539,0.0352320913883896
361,-0.010197374015778138,0.0352320913883896
362,0.12220754258888056,0.0352320913883896
363,0.020576719034491875,0.0352320913883896
364,0.08900975200259931,0.0352320913883896
365,0.10931532225652796,0.0352320913883896
366,0.1085920312324894,0.0352320913883896
367,0.05524723668880893,0.0352320913883896
368,0.09580668295947548,0.0352320913883896
369,0.046228956047327685,0.0352320913883896
370,0.10362861752671837,0.0352320913883896
371,0.12364609042557884,0.0352320913883896
372,0.048296410600108475,0.0352320913883896
373,0.1123082776715757,0.0352320913883896
374,0.04638938329016273,0.0352320913883896
375,0.09034517957396804,0.0352320913883896
376,0.08737519404134031,0.0352320913883896
377,0.05664073135843195,0.0352320913883896
378,0.1013958636261274,0.0352320913883896
379,0.09340708055049562,0.0352320913883896
380,0.03676135109979395,0.0352320913883896
381,0.09982473011104409,0.0352320913883896
382,0.10998807391196086,0.0352320913883896
383,0.1284285573171945,0.0352320913883896
384,0.13862931349807806,0.0352320913883896
385,0.06075410538863879,0.0352320913883896
386,0.10946442076355001,0.0352320913883896
387,0.0896344445068804,0.0352320913883896
388,0.09192776299206395,0.0352320913883896
389,0.07166425039965563,0.0352320913883896
390,0.09563985401180197,0.0352320913883896
391,0.02284331142491236,0.0352320913883896
392,0.10671862625568052,0.0352320913883896
393,-0.01547517536775489,0.0352320913883896
394,0.07742476608067317,0.0352320913883896
395,0.010937956235886004,0.0352320913883896
396,0.08187504339214013,0.0352320913883896
397,-0.04363637700776679,0.0352320913883896
398,0.14094840646978968,0.0352320913883896
399,0.03779354674106672,0.0352320913883896
400,0.0660001772729738,0.0352320913883896
401,0.07278359835778014,0.0352320913883896
402,0.07923463763789951,0.0352320913883896
403,0.08538113405529546,0.0352320913883896
404,-0.00429804530279132,0.0352320913883896
405,0.06889615360806667,0.0352320913883896
406,-0.10477791177552231,0.0352320913883896
407,0.08849244163384329,0.0352320913883896
408,-0.005546268651651087,0.0352320913883896
409,0.06811508520570952,0.0352320913883896
410,0.10707931065561971,0.0352320913883896
411,0.10393844042599765,0.0352320913883896
412,0.07345635482168267,0.0352320913883896
413,0.1118426213679653,0.0352320913883896
414,0.009801487247967589,0.0352320913883896
415,0.10508749510999416,0.0352320913883896
416,0.09475392822321427,0.0352320913883896
417,0.04634732221588056,0.0352320913883896
418,0.08942162750628657,0.0352320913883896
419,0.012903039354778434,0.0352320913883896
420,0.07318544950401418,0.0352320913883896
421,0.08345303184861974,0.0352320913883896
422,0.10875092051144897,0.0352320913883896
423,0.04639496708866764,0.0352320913883896
424,0.05067752676935222,0.0352320913883896
425,0.08505517380980276,0.0352320913883896
426,0.0513097277416511,0.0352320913883896
427,0.08541448824880493,0.0352320913883896
428,0.10307329326874837,0.0352320913883896
429,0.09258813600981897,0.0352320913883896
430,0.09036399728955768,0.0352320913883896
431,0.09239654855771762,0.0352320913883896
432,0.12282409685795215,0.0352320913883896
433,0.13130737683941363,0.0352320913883896
434,0.04859184564923669,0.0352320913883896
435,0.10480845852633802,0.0352320913883896
436,0.11451156144308572,0.0352320913883896
437,0.05685734312655788,0.0352320913883896
438,0.10521206408826533,0.0352320913883896
439,0.03765457380369619,0.0352320913883896
440,0.07199678808234455,0.0352320913883896
441,0.07060389029687086,0.0352320913883896
442,0.06733757520091832,0.0352320913883896
443,0.10124646500117829,0.0352320913883896
444,0.056298609664721666,0.0352320913883896
445,-0.035515433366926974,0.0352320913883896
446,0.05589881575535416,0.0352320913883896
447,0.09074930134832127,0.0352320913883896
448,-0.04503395988245851,0.0352320913883896
449,0.11652393902407043,0.0352320913883896
450,0.04127168090927491,0.0352320913883896
451,0.02340072498102963,0.0352320913883896
452,0.05653179465266667,0.0352320913883896
453,0.08025920096768613,0.0352320913883896
454,0.04115868993671834,0.0352320913883896
455,0.06784352895080015,0.0352320913883896
456,0.15267937435212242,0.0352320913883896
457,0.11998654046904322,0.0352320913883896
458,0.038392223562202954,0.0352320913883896
459,0.08820519580371577,0.0352320913883896
460,-0.0009761836020627523,0.0352320913883896
461,0.09276210438342725,0.0352320913883896
462,-0.0025301974462055288,0.0352320913883896
463,0.056926857442386014,0.0352320913883896
464,0.13270174985531935,0.0352320913883896
465,0.1215446522914112,0.0352320913883896
466,0.10206421418183653,0.0352320913883896
467,-0.010604066136345347,0.0352320913883896
468,0.15399896642793043,0.0352320913883896
469,0.05236030421531579,0.0352320913883896
470,0.11844757417289786,0.0352320913883896
471,0.024651504370885924,0.0352320913883896
472,0.11688748750027045,0.0352320913883896
473,0.06350378828692882,0.0352320913883896
474,0.04637769981656659,0.0352320913883896
475,0.039503848230130645,0.0352320913883896
476,0.08774225885764908,0.0352320913883896
477,0.06509907015738703,0.0352320913883896
478,0.03469047137337089,0.0352320913883896
479,0.0889529183007387,0.0352320913883896
480,0.0454289506669715,0.0352320913883896
481,0.03899762323029732,0.0352320913883896
482,0.07281582567490841,0.0352320913883896
483,0.0220063649163722,0.0352320913883896
484,0.11354014379324096,0.0352320913883896
485,0.057348213879497734,0.0352320913883896
486,0.013792843169169844,0.0352320913883896
487,0.07648538067885013,0.0352320913883896
488,0.1131183408260561,0.0352320913883896
489,0.07641727200818882,0.0352320913883896
490,0.0817388881509209,0.0352320913883896
491,0.09384693269421673,0.0352320913883896
492,0.07130157568106765,0.0352320913883896
493,0.12467401929316979,0.0352320913883896
494,0.033718588604271904,0.0352320913883896
495,0.06324413079674207,0.0352320913883896
496,0.11852524274455811,0.0352320913883896
497,0.09889867461469326,0.0352320913883896
498,0.07594071574387506,0.0352320913883896
499,0.03660527414806003,0.0352320913883896
500,0.05286140392735683,0.0352320913883896
501,0.08585426301917332,0.0352320913883896
502,0.10033814838504007,0.0352320913883896
503,0.031528159424895175,0.0352320913883896
504,0.09929699141478376,0.0352320913883896
505,0.06977511310025408,0.0352320913883896
506,0.11267312000342711,0.0352320913883896
507,0.12242342608421519,0.0352320913883896
508,0.09141910424077582,0.0352320913883896
509,0.012611119411355398,0.0352320913883896
510,0.12830846854707512,0.0352320913883896
511,0.02999823683862568,0.0352320913883896
512,0.10424800430921177,0.0352320913883896
513,0.04290699814578103,0.0352320913883896
514,0.011292911769522296,0.0352320913883896
515,0.11814523747366412,0.0352320913883896
516,0.08252397599648753,0.0352320913883896
517,0.00801611604270569,0.0352320913883896
518,0.11574669938123905,0.0352320913883896
519,0.08833545562323941,0.0352320913883896
520,0.046193883996894725,0.0352320913883896
521,0.12254105561199735,0.0352320913883896
522,0.09778564030643566,0.0352320913883896
523,0.030220831431905126,0.0352320913883896
524,0.019906220109785266,0.0352320913883896
525,0.09794961000702385,0.0352320913883896
526,0.10340954702219995,0.0352320913883896
527,0.09370984212802269,0.0352320913883896
528,0.08909751158651125,0.0352320913883896
529,0.07949309932564053,0.0352320913883896
530,0.029816649942550733,0.0352320913883896
531,0.0593964892173553,0.0352320913883896
532,0.06578891366486694,0.0352320913883896
533,0.08292810741005485,0.0352320913883896
534,0.09626291835745826,0.0352320913883896
535,0.09821616325213,0.0352320913883896
536,0.045209584992687124,0.0352320913883896
537,0.1171823830956551,0.0352320913883896
538,0.11588388116878545,0.0352320913883896
539,0.04110485584693668,0.0352320913883896
540,0.06662265799250056,0.0352320913883896
541,0.10583483054545961,0.0352320913883896
542,0.05884655467740241,0.0352320913883896
543,0.0787452976674492,0.0352320913883896
544,0.1250481879567028,0.0352320913883896
545,0.05990307335409473,0.0352320913883896
546,0.0695740927789944,0.0352320913883896
547,0.043498184984703925,0.0352320913883896
548,0.0800369574382892,0.0352320913883896
549,-0.008355270320981822,0.0352320913883896
550,0.058897206558288895,0.0352320913883896
551,0.05754486726081742,0.0352320913883896
552,0.020683742090824908,0.0352320913883896
553,0.13041041599519176,0.0352320913883896
554,0.10978299711188744,0.0352320913883896
555,0.04198729167546278,0.0352320913883896
556,0.09825273379110755,0.0352320913883896
557,-0.033829330931608226,0.0352320913883896
558,0.07222747584251554,0.0352320913883896
559,0.07475113626284535,0.0352320913883896
560,0.07227957020362552,0.0352320913883896
561,0.09813362278941118,0.0352320913883896
562,0.09646642327705302,0.0352320913883896
563,0.0846243159470903,0.0352320913883896
564,0.06161984933345144,0.0352320913883896
565,0.08333703912908497,0.0352320913883896
566,0.030199485488024758,0.0352320913883896
567,0.09269251470682083,0.0352320913883896
568,0.10165841401459375,0.0352320913883896
569,0.0610244715498951,0.0352320913883896
570,0.03821402873430224,0.0352320913883896
571,0.0907635757568056,0.0352320913883896
572,0.07007617235074359,0.0352320913883896
573,0.04748448274721084,0.0352320913883896
574,0.07148720357267346,0.0352320913883896
575,0.08780541280749898,0.0352320913883896
576,0.050525378945140864,0.0352320913883896
577,0.025294607638757127,0.0352320913883896
578,0.10373320209346704,0.0352320913883896
579,0.015357504778398257,0.0352320913883896
580,0.05942239026155627,0.0352320913883896
581,0.03226872332557429,0.0352320913883896
582,0.0868435157221139,0.0352320913883896
583,0.07557304629916195,0.0352320913883896
584,0.07412985968041719,0.0352320913883896
585,0.09323762904499155,0.0352320913883896
586,0.07261050756022591,0.0352320913883896
587,0.010391341667854936,0.0352320913883896
588,0.051518421615282084,0.0352320913883896
589,0.030614763959717406,0.0352320913883896
590,0.030565061404869143,0.0352320913883896
591,0.07528056377446535,0.0352320913883896
592,0.06150814894908729,0.0352320913883896
593,0.08098794762926975,0.0352320913883896
594,0.03148342622027944,0.0352320913883896
595,0.07802457810869778,0.0352320913883896
596,0.03802292079376579,0.0352320913883896
597,0.036854738246545504,0.0352320913883896
598,0.09063564439861715,0.0352320913883896
599,0.06742737362338658,0.0352320913883896
600,0.09241648809796776,0.0352320913883896
601,0.0900895928657337,0.0352320913883896
602,0.0769116500056296,0.0352320913883896
603,0.09175436232705625,0.0352320913883896
604,0.007235931115509353,0.0352320913883896
605,0.06997332012746005,0.0352320913883896
606,0.09990740039934587,0.0352320913883896
607,0.057300301492489214,0.0352320913883896
608,0.015985395700690685,0.0352320913883896
609,0.08791073712042508,0.0352320913883896
610,0.027352896242457625,0.0352320913883896
611,0.024202947442658496,0.0352320913883896
612,0.046018675634464934,0.0352320913883896
613,0.07534634462927436,0.0352320913883896
614,0.0612828127402385,0.0352320913883896
615,0.12420593192309914,0.0352320913883896
616,0.05577496862568332,0.0352320913883896
617,0.13193071053060723,0.0352320913883896
618,0.05383178790581744,0.0352320913883896
619,0.11270795880771278,0.0352320913883896
620,0.10312902503890642,0.0352320913883896
621,0.10757558546916057,0.0352320913883896
622,0.10211241858957598,0.0352320913883896
623,0.04567371509106477,0.0352320913883896
624,0.012972469539749842,0.0352320913883896
625,-0.0866219718962602,0.0352320913883896
626,0.08872169544658859,0.0352320913883896
627,0.12181719212097197,0.0352320913883896
628,0.06742525492598561,0.0352320913883896
629,0.1010988799943412,0.0352320913883896
630,0.07266843281938684,0.0352320913883896
631,0.12099644000027843,0.0352320913883896
632,0.10131028504013595,0.0352320913883896
633,0.12081572059741319,0.0352320913883896
634,0.06553445607520703,0.0352320913883896
635,0.0874251131917656,0.0352320913883896
636,0.10400370665494074,0.0352320913883896
637,0.09498350365921426,0.0352320913883896
638,0.06772799587822342,0.0352320913883896
639,0.07991187476033357,0.0352320913883896
640,0.06519590333267256,0.0352320913883896
641,0.11673843481684787,0.0352320913883896
642,-0.06399824249484998,0.0352320913883896
643,0.0391748341650191,0.0352320913883896
644,0.0877657657474109,0.0352320913883896
645,0.04772083914649927,0.0352320913883896
646,0.084455251515414,0.0352320913883896
647,0.052737730869018784,0.0352320913883896
648,0.06877524120969325,0.0352320913883896
649,0.060395097800345465,0.0352320913883896
650,0.058048723793342805,0.0352320913883896
651,0.07656210316160128,0.0352320913883896
652,0.0999825752873964,0.0352320913883896
653,0.014553239766191717,0.0352320913883896
654,0.0664302736297564,0.0352320913883896
655,0.12219814252757466,0.0352320913883896
656,0.03749161978881199,0.0352320913883896
657,0.011505501371488758,0.0352320913883896
658,0.039483764699272395,0.0352320913883896
659,0.023752481636788447,0.0352320913883896
660,0.07056348810213753,0.0352320913883896
661,0.11414754057109233,0.0352320913883896
662,0.04574559484180141,0.0352320913883896
663,0.0460839679593692,0.0352320913883896
664,0.11615392226165044,0.0352320913883896
665,-0.0714749416232876,0.0352320913883896
666,0.04381765841343621,0.0352320913883896
667,0.03438424652233074,0.0352320913883896
668,0.04429985125689195,0.0352320913883896
669,0.10542386500244194,0.0352320913883896
670,0.014341285012175464,0.0352320913883896
671,0.0812809427055794,0.0352320913883896
672,0.044384176893563665,0.0352320913883896
673,0.13653966852752542,0.0352320913883896
674,0.0627342676887791,0.0352320913883896
675,0.10053852925498241,0.0352320913883896
676,-0.0038278828900875084,0.0352320913883896
677,0.0933214294069683,0.0352320913883896
678,0.06331712814765156,0.0352320913883896
679,0.11535289365374057,0.0352320913883896
680,0.06157425001410499,0.0352320913883896
681,0.07797882043049209,0.0352320913883896
682,0.05032944121860017,0.0352320913883896
683,0.04141497536947092,0.0352320913883896
684,0.059337382533811045,0.0352320913883896
685,0.07317070023155303,0.0352320913883896
686,0.0921469977615309,0.0352320913883896
687,0.10095224760112187,0.0352320913883896
688,0.05906027788815327,0.0352320913883896
689,0.038827886489786634,0.0352320913883896
690,0.10140816526361529,0.0352320913883896
691,0.12877555342929214,0.0352320913883896
692,0.0603547083310757,0.0352320913883896
693,0.060327425682539904,0.0352320913883896
694,-0.00968841146624344,0.0352320913883896
695,0.063991450097861,0.0352320913883896
696,0.0837431289478916,0.0352320913883896
697,0.021675123190238677,0.0352320913883896
698,0.1032791395872209,0.0352320913883896
699,0.03240441575403252,0.0352320913883896
700,-0.020662036225350122,0.0352320913883896
701,0.014207421007102816,0.0352320913883896
702,0.10169416242984863,0.0352320913883896
703,0.12279014178293424,0.0352320913883896
704,0.08692097825699785,0.0352320913883896
705,0.07457370012159092,0.0352320913883896
706,0.09491334414495889,0.0352320913883896
707,0.016510928993457297,0.0352320913883896
708,0.10874013327074739,0.0352320913883896
709,0.0737340186603136,0.0352320913883896
710,0.11125956940596726,0.0352320913883896
711,-0.024790852213310233,0.0352320913883896
712,0.03941129753501005,0.0352320913883896
713,0.03167020077119087,0.0352320913883896
714,0.11465919553592208,0.0352320913883896
715,0.07553331822570941,0.0352320913883896
716,0.09168465975707663,0.0352320913883896
717,0.07598262454591609,0.0352320913883896
718,0.013811737037992322,0.0352320913883896
719,0.04789133638955434,0.0352320913883896
720,0.09680360150596612,0.0352320913883896
721,0.016622227462748218,0.0352320913883896
722,-0.035823138409510014,0.0352320913883896
723,0.08143334561270466,0.0352320913883896
724,0.14556369949866121,0.0352320913883896
725,0.057160338614227646,0.0352320913883896
726,0.07798229333603834,0.0352320913883896
727,0.07889156124262553,0.0352320913883896
728,0.07023777653231611,0.0352320913883896
729,0.11211383857812685,0.0352320913883896
730,-0.06107477667758987,0.0352320913883896
731,0.05806394431412787,0.0352320913883896
732,0.08951288374946353,0.0352320913883896
733,0.11726874098025741,0.0352320913883896
734,0.0052190236645279775,0.0352320913883896
735,0.06414617103661946,0.0352320913883896
736,0.0982242499956093,0.0352320913883896
737,0.0717048679793647,0.0352320913883896
738,0.12332601985244329,0.0352320913883896
739,0.10946674697694525,0.0352320913883896
740,0.03552791236495323,0.0352320913883896
741,0.10844146742972494,0.0352320913883896
742,0.09117267157708264,0.0352320913883896
743,0.04997697316526817,0.0352320913883896
744,0.069249487020553,0.0352320913883896
745,0.005900752352267502,0.0352320913883896
746,0.07696403376166994,0.0352320913883896
747,0.01505745025353522,0.0352320913883896
748,0.06370327754240546,0.0352320913883896
749,-0.012329577211890541,0.0352320913883896
750,0.09058026205317271,0.0352320913883896
751,0.003484057898415549,0.0352320913883896
752,0.12272427645905748,0.0352320913883896
753,0.09734518983116203,0.0352320913883896
754,-0.0008216631857389523,0.0352320913883896
755,0.051044546101634336,0.0352320913883896
756,0.1105658927535007,0.0352320913883896
757,0.09927324779902613,0.0352320913883896
758,0.03360431581660528,0.0352320913883896
759,0.09543670059776976,0.0352320913883896
760,0.08322910316037813,0.0352320913883896
761,0.10554669382864434,0.0352320913883896
762,0.10206177577333442,0.0352320913883896
763,0.0774000888931311,0.0352320913883896
764,0.10332402744385949,0.0352320913883896
765,0.04743171200998797,0.0352320913883896
766,0.1216762706208554,0.0352320913883896
767,0.06902112563491558,0.0352320913883896
768,0.012294965567514748,0.0352320913883896
769,0.09001744573396375,0.0352320913883896
770,0.044953461702787134,0.0352320913883896
771,0.09618559958400807,0.0352320913883896
772,0.09961212966881572,0.0352320913883896
773,0.07010015866034935,0.0352320913883896
774,0.05921207389261607,0.0352320913883896
775,0.10339208342109418,0.0352320913883896
776,0.07166996557874017,0.0352320913883896
777,-0.01398063690169049,0.0352320913883896
778,0.0911354929231073,0.0352320913883896
779,0.12600686432736175,0.0352320913883896
780,0.10443430976975232,0.0352320913883896
781,0.10891303424582521,0.0352320913883896
782,0.036898790597413855,0.0352320913883896
783,-0.06237254727002384,0.0352320913883896
784,0.0620155801052803,0.0352320913883896
785,0.07160213086621914,0.0352320913883896
786,0.058240245229876475,0.0352320913883896
787,0.09671802245327699,0.0352320913883896
788,0.0969853705673811,0.0352320913883896
789,0.0945210038557791,0.0352320913883896
790,0.0939703395605106,0.0352320913883896
791,0.08160047801864523,0.0352320913883896
792,-0.0078014493966179765,0.0352320913883896
793,0.08125886949131977,0.0352320913883896
794,0.07068708627832809,0.0352320913883896
795,0.12328419645103517,0.0352320913883896
796,0.03077722574302344,0.0352320913883896
797,0.04209973822404356,0.0352320913883896
798,-0.2905900598190767,0.0352320913883896
799,0.1044902048519456,0.0352320913883896
800,0.0777452475127084,0.0352320913883896
801,0.09076441242577926,0.0352320913883896
802,0.017958148537824736,0.0352320913883896
803,0.06094775819559173,0.0352320913883896
804,0.0334319882923404,0.0352320913883896
805,0.053591931192388254,0.0352320913883896
806,0.046091563097027444,0.0352320913883896
807,0.04898452081847615,0.0352320913883896
808,0.09933448972539671,0.0352320913883896
809,0.11805444825599698,0.0352320913883896
810,0.10056614710764444,0.0352320913883896
811,0.10028203086940701,0.0352320913883896
812,-0.060629332797337954,0.0352320913883896
813,0.12180411788019874,0.0352320913883896
814,-0.00368644900274262,0.0352320913883896
815,0.05454344093265129,0.0352320913883896
816,0.1230058570986261,0.0352320913883896
817,0.04417852862606464,0.0352320913883896
818,0.08877872674454712,0.0352320913883896
819,0.08363788065929767,0.0352320913883896
820,0.11810591575693885,0.0352320913883896
821,0.07175142915417032,0.0352320913883896
822,-0.014406788838268736,0.0352320913883896
823,0.08122843226764465,0.0352320913883896
824,0.06276755035207493,0.0352320913883896
825,0.021013242112259745,0.0352320913883896
826,0.02441730693621802,0.0352320913883896
827,4.762444758787954e-05,0.0352320913883896
828,0.04400370366187678,0.0352320913883896
829,-0.007848524985718752,0.0352320913883896
830,0.0578784373565997,0.0352320913883896
831,0.10537770908999977,0.0352320913883896
832,0.10058150380895381,0.0352320913883896
833,0.07506233832826137,0.0352320913883896
834,0.08092193677099102,0.0352320913883896
835,0.0876824472412423,0.0352320913883896
836,-0.004324602440756498,0.0352320913883896
837,0.011303329548862484,0.0352320913883896
838,0.0810054100964599,0.0352320913883896
839,-0.005148034968382231,0.0352320913883896
840,0.0735820280620777,0.0352320913883896
841,0.04886010921866535,0.0352320913883896
842,0.05290597195199975,0.0352320913883896
843,0.12721195587314693,0.0352320913883896
844,-0.16820829918643954,0.0352320913883896
845,0.03507554949991043,0.0352320913883896
846,0.11430266110557108,0.0352320913883896
847,0.07217603115940052,0.0352320913883896
848,0.07550353069171634,0.0352320913883896
849,0.09431252949377333,0.0352320913883896
850,0.10155868429204207,0.0352320913883896
851,0.10586356778328321,0.0352320913883896
852,-0.012241646041121101,0.0352320913883896
853,0.07885923613904366,0.0352320913883896
854,0.07441398385461173,0.0352320913883896
855,0.12458537753385424,0.0352320913883896
856,0.09213917538180771,0.0352320913883896
857,0.10771030584440833,0.0352320913883896
858,0.08276884752059721,0.0352320913883896
859,0.12481973495421395,0.0352320913883896
860,0.1097869662708244,0.0352320913883896
861,0.08153605097521865,0.0352320913883896
862,0.03916146591244629,0.0352320913883896
863,0.028427564286993334,0.0352320913883896
864,0.10057544829047949,0.0352320913883896
865,0.0959930747787966,0.0352320913883896
866,-0.019500350674913514,0.0352320913883896
867,0.10872748320295877,0.0352320913883896
868,0.04351958351905838,0.0352320913883896
869,0.06888375024321636,0.0352320913883896
870,0.10122805705349591,0.0352320913883896
871,0.08644924016446653,0.0352320913883896
872,0.07708228168473552,0.0352320913883896
873,0.0491741849601538,0.0352320913883896
874,0.09153083585178545,0.0352320913883896
875,-0.02109564636636374,0.0352320913883896
876,0.04878825981310586,0.0352320913883896
877,0.03270512811796,0.0352320913883896
878,0.0835860562026689,0.0352320913883896
879,0.10226930401997669,0.0352320913883896
880,-0.12876606976648963,0.0352320913883896
881,0.06546975084837825,0.0352320913883896
882,-0.010341197248813994,0.0352320913883896
883,0.09855355120653819,0.0352320913883896
884,0.06280772038916205,0.0352320913883896
885,0.10216140058558731,0.0352320913883896
886,0.05014387498112216,0.0352320913883896
887,0.1310954463426367,0.0352320913883896
888,0.028026470910875068,0.0352320913883896
889,0.008469413815794802,0.0352320913883896
890,0.003997719451949933,0.0352320913883896
891,0.11353629034307233,0.0352320913883896
892,0.04616568748526195,0.0352320913883896
893,0.09925323506022199,0.0352320913883896
894,0.013435465937115643,0.0352320913883896
895,0.05183609697265512,0.0352320913883896
896,0.10466851353756901,0.0352320913883896
897,0.10710838267722045,0.0352320913883896
898,0.07674204697545961,0.0352320913883896
899,0.14415780179332693,0.0352320913883896
900,0.05018816304968676,0.0352320913883896
901,0.021247585943827807,0.0352320913883896
902,-0.03283514614500049,0.0352320913883896
903,0.09357959478750388,0.0352320913883896
904,0.07638078674287219,0.0352320913883896
905,0.10747656511374049,0.0352320913883896
906,0.12138458980792288,0.0352320913883896
907,0.06299382804104625,0.0352320913883896
908,0.028626632810822117,0.0352320913883896
909,0.05858571190216344,0.0352320913883896
910,0.059674803793986486,0.0352320913883896
911,0.0632371044601091,0.0352320913883896
912,0.11705999174280768,0.0352320913883896
913,0.041970463198051755,0.0352320913883896
914,0.07484642801617802,0.0352320913883896
915,0.13234557728648755,0.0352320913883896
916,0.11855185478236785,0.0352320913883896
917,0.08076923438966588,0.0352320913883896
918,0.03447946580827099,0.0352320913883896
919,0.0869618951024893,0.0352320913883896
920,0.03847329298162594,0.0352320913883896
921,0.09124446178271461,0.0352320913883896
922,0.08480482990845939,0.0352320913883896
923,0.06465620000093997,0.0352320913883896
924,0.08321683573384342,0.0352320913883896
925,0.12134061492797199,0.0352320913883896
926,0.0698675770965379,0.0352320913883896
927,0.021041206718337868,0.0352320913883896
928,0.001293510911005269,0.0352320913883896
929,0.09259975133136067,0.0352320913883896
930,0.09704284880344716,0.0352320913883896
931,-0.020154124371176918,0.0352320913883896
932,0.05988709439639173,0.0352320913883896
933,0.10296576651042821,0.0352320913883896
934,0.0031311367447293126,0.0352320913883896
935,0.026677212009255546,0.0352320913883896
936,0.09336001247588466,0.0352320913883896
937,0.03257906276973299,0.0352320913883896
938,0.06849039598089768,0.0352320913883896
939,0.07337546610446921,0.0352320913883896
940,0.0790482070167875,0.0352320913883896
941,0.10066145560818496,0.0352320913883896
942,0.056497731792067185,0.0352320913883896
943,0.05342701937968608,0.0352320913883896
944,0.031343329793433905,0.0352320913883896
945,0.06178080003340569,0.0352320913883896
946,0.11255065935033615,0.0352320913883896
947,0.07226213763820077,0.0352320913883896
948,0.10259691094789747,0.0352320913883896
949,0.12937482884113083,0.0352320913883896
950,0.10869210578722965,0.0352320913883896
951,0.09594010970281652,0.0352320913883896
952,0.032829318418319375,0.0352320913883896
953,0.06311333323026769,0.0352320913883896
954,0.10676253183578865,0.0352320913883896
955,0.12108640803472626,0.0352320913883896
956,0.12573374648847058,0.0352320913883896
957,0.05774043262770978,0.0352320913883896
958,0.07673712862991722,0.0352320913883896
959,-0.009759819521123814,0.0352320913883896
960,0.0942881839850831,0.0352320913883896
961,0.07652045965992904,0.0352320913883896
962,0.0944295681223225,0.0352320913883896
963,0.10282847852507482,0.0352320913883896
964,0.11391895900832671,0.0352320913883896
965,0.022161980787412383,0.0352320913883896
966,0.07372936475030256,0.0352320913883896
967,0.059973127675536975,0.0352320913883896
968,0.1228756614006894,0.0352320913883896
969,0.030173510739211484,0.0352320913883896
970,0.00502472402930787,0.0352320913883896
971,0.10922318846919099,0.0352320913883896
972,0.1323813710945505,0.0352320913883896
973,0.10494292442846376,0.0352320913883896
974,0.02864680332433478,0.0352320913883896
975,0.006788266910957685,0.0352320913883896
976,0.054645965549714126,0.0352320913883896
977,0.02641464541555394,0.0352320913883896
978,0.08420805386057229,0.0352320913883896
979,0.047994241343387145,0.0352320913883896
980,0.09768144904533427,0.0352320913883896
981,0.01143067839718881,0.0352320913883896
982,0.017844601219882628,0.0352320913883896
983,0.09271944244093999,0.0352320913883896
984,0.06690632031137789,0.0352320913883896
985,0.033781764322571295,0.0352320913883896
986,0.08468772783037959,0.0352320913883896
987,0.04251277745336335,0.0352320913883896
988,0.06798630584950649,0.0352320913883896
989,0.05626976612314838,0.0352320913883896
990,0.06570950769299466,0.0352320913883896
991,0.0906393658621566,0.0352320913883896
992,0.07006346192670354,0.0352320913883896
993,0.04232317488988535,0.0352320913883896
994,0.04162297054448627,0.0352320913883896
995,0.12019482305267126,0.0352320913883896
996,0.1047460612458353,0.0352320913883896
997,0.06982424422100864,0.0352320913883896
998,0.07749837780735191,0.0352320913883896
999,0.06170278692985798,0.0352320913883896
1000,0.10077724966282098,0.0352320913883896
