state	model	target	target_position	score	log_normalizer	true_probability	information_nats	inverse_temperature
Rest	nearest_centroid	AACS	0	-0.15220281764090024	8.389132521348719	0.00022732439190725184	0.0	0.0
Rest	nearest_centroid	AP1S3	183	-0.02173647908768948	8.389132521348719	0.00022732439190725184	0.0	0.0
Rest	nearest_centroid	BATF3	366	-7.949041417119693	8.389132521348719	0.00022732439190725184	0.0	0.0
Rest	nearest_centroid	CCDC127	549	-2.1609738731242416	8.389132521348719	0.00022732439190725184	0.0	0.0
Rest	nearest_centroid	CKAP4	733	-78.62641503947674	8.389132521348719	0.00022732439190725184	0.0	0.0
Rest	nearest_centroid	DAPK3	916	-0.0	8.389132521348719	0.00022732439190725184	0.0	0.0
Rest	nearest_centroid	EEF2K	1099	-17.401976044550374	8.389132521348719	0.00022732439190725184	0.0	0.0
Rest	nearest_centroid	FDXR	1282	-1.5233403919468087	8.389132521348719	0.00022732439190725184	0.0	0.0
Rest	nearest_centroid	GPR15	1466	-16.563478965265404	8.389132521348719	0.00022732439190725184	0.0	0.0
Rest	nearest_centroid	IFI44L	1649	-8.771612640660837	8.389132521348719	0.00022732439190725184	0.0	0.0
Rest	nearest_centroid	KMT5B	1832	-17.366416124227563	8.389132521348719	0.00022732439190725184	0.0	0.0
Rest	nearest_centroid	MARCHF8	2015	-3.3861962666220875	8.389132521348719	0.00022732439190725184	0.0	0.0
Rest	nearest_centroid	MYO1C	2199	-1.8110792676858363	8.389132521348719	0.00022732439190725184	0.0	0.0
Rest	nearest_centroid	NUDT16L1	2382	-6.413358799516932	8.389132521348719	0.00022732439190725184	0.0	0.0
Rest	nearest_centroid	PHF3	2565	-3.5980396564333637	8.389132521348719	0.00022732439190725184	0.0	0.0
Rest	nearest_centroid	PRKCI	2748	-0.3511451246127949	8.389132521348719	0.00022732439190725184	0.0	0.0
Rest	nearest_centroid	RDH10	2932	-0.3348774871944417	8.389132521348719	0.00022732439190725184	0.0	0.0
Rest	nearest_centroid	SEC23IP	3115	-0.9102900040113411	8.389132521348719	0.00022732439190725184	0.0	0.0
Rest	nearest_centroid	SLC66A2	3298	-0.0	8.389132521348719	0.00022732439190725184	0.0	0.0
Rest	nearest_centroid	STX2	3481	-0.3699712799026182	8.389132521348719	0.00022732439190725184	0.0	0.0
Rest	nearest_centroid	TMEM141	3665	-0.0	8.389132521348719	0.00022732439190725184	0.0	0.0
Rest	nearest_centroid	TSPYL1	3848	-1.7276960522480043	8.389132521348719	0.00022732439190725184	0.0	0.0
Rest	nearest_centroid	VKORC1	4031	-0.0665689085541098	8.389132521348719	0.00022732439190725184	0.0	0.0
Rest	nearest_centroid	ZNF148	4214	-30.227182670798904	8.389132521348719	0.00022732439190725184	0.0	0.0
Rest	nearest_centroid	ZYX	4398	-0.0	8.389132521348719	0.00022732439190725184	0.0	0.0
Rest	RNA_fingerprint_cosine	AACS	0	0.0	8.389132521348719	0.00022732439190725184	0.0	10.0
Rest	RNA_fingerprint_cosine	AP1S3	183	0.0	8.389132521348719	0.00022732439190725184	0.0	10.0
Rest	RNA_fingerprint_cosine	BATF3	366	-0.009016567826697318	10.388837511402606	2.812073960375095e-05	-2.089870668320861	10.0
Rest	RNA_fingerprint_cosine	CCDC127	549	0.6041701360834515	10.0024657718853	0.019048547804485918	4.428368110297934	10.0
Rest	RNA_fingerprint_cosine	CKAP4	733	-0.001872566777348121	8.419147394050155	0.00021651016463174357	-0.04874054047491683	10.0
Rest	RNA_fingerprint_cosine	DAPK3	916	0.0	8.389132521348719	0.00022732439190725184	0.0	10.0
Rest	RNA_fingerprint_cosine	EEF2K	1099	-0.00470559100421721	9.373721542575225	8.102300327037201e-05	-1.0316449312686782	10.0
Rest	RNA_fingerprint_cosine	FDXR	1282	-1.6834163301927894e-05	8.394035763771834	0.0002261744157110292	-0.005071584056134171	10.0
Rest	RNA_fingerprint_cosine	GPR15	1466	0.42598565542513966	8.470172876679285	0.014841672841493394	4.17881619892083	10.0
Rest	RNA_fingerprint_cosine	IFI44L	1649	0.002820834969680692	9.371784003449452	8.75259135356555e-05	-0.9544431324039255	10.0
Rest	RNA_fingerprint_cosine	KMT5B	1832	0.4918550131365248	8.434405631251648	0.029722364594857872	4.873277021462319	10.0
Rest	RNA_fingerprint_cosine	MARCHF8	2015	0.05940771510916712	11.529322196344129	1.781900372357514e-05	-2.546112523903739	10.0
Rest	RNA_fingerprint_cosine	MYO1C	2199	0.7581923073279185	11.323693654588237	0.02371208177238171	4.6473619400396675	10.0
Rest	RNA_fingerprint_cosine	NUDT16L1	2382	0.009263652368162976	10.501113714286035	3.0175591447150348e-05	-2.019344669255686	10.0
Rest	RNA_fingerprint_cosine	PHF3	2565	0.3073319040243854	8.421208147473216	0.0047581844230451045	3.041243414119357	10.0
Rest	RNA_fingerprint_cosine	PRKCI	2748	0.0	10.183257623747394	3.779787689377887e-05	-1.7941251023986755	10.0
Rest	RNA_fingerprint_cosine	RDH10	2932	0.0	8.389132521348719	0.00022732439190725184	0.0	10.0
Rest	RNA_fingerprint_cosine	SEC23IP	3115	0.0	12.21914962480965	4.935040764596766e-06	-3.8300171034609303	10.0
Rest	RNA_fingerprint_cosine	SLC66A2	3298	0.0	8.389132521348719	0.00022732439190725184	0.0	10.0
Rest	RNA_fingerprint_cosine	STX2	3481	0.0	8.389132521348719	0.00022732439190725184	0.0	10.0
Rest	RNA_fingerprint_cosine	TMEM141	3665	0.0	8.389132521348719	0.00022732439190725184	0.0	10.0
Rest	RNA_fingerprint_cosine	TSPYL1	3848	0.00286418676241548	8.445130011444519	0.00022119007818498107	-0.027355622471645802	10.0
Rest	RNA_fingerprint_cosine	VKORC1	4031	0.8965890215718225	9.411657957552498	0.6403324772386022	7.943364779514447	10.0
Rest	RNA_fingerprint_cosine	ZNF148	4214	0.5171454461794616	8.4398982510764	0.038065619130059	5.1206887320669345	10.0
Rest	RNA_fingerprint_cosine	ZYX	4398	0.0	8.389132521348719	0.00022732439190725184	0.0	10.0
Rest	frozen_module_decoder	AACS	0	0.0	8.389132521348719	0.00022732439190725184	0.0	3.0
Rest	frozen_module_decoder	AP1S3	183	0.0	8.389132521348719	0.00022732439190725184	0.0	3.0
Rest	frozen_module_decoder	BATF3	366	0.5211527456259742	8.573982651729427	0.0009023352662837127	1.3786081064972144	3.0
Rest	frozen_module_decoder	CCDC127	549	-0.2691982840295716	8.68066990827465	7.57354084113224e-05	-1.0991322390146454	3.0
Rest	frozen_module_decoder	CKAP4	733	0.13884620116623825	8.542287738100452	0.0002958230357557119	0.26338338674698214	3.0
Rest	frozen_module_decoder	DAPK3	916	0.0	8.389132521348719	0.00022732439190725184	0.0	3.0
Rest	frozen_module_decoder	EEF2K	1099	-0.3461885645895705	8.604182629141103	6.489445851284593e-05	-1.2536158015610965	3.0
Rest	frozen_module_decoder	FDXR	1282	0.05779503511835957	8.589847444362954	0.00022119578602711776	-0.02732981765915632	3.0
Rest	frozen_module_decoder	GPR15	1466	0.5839916193432378	8.612442548577775	0.0010484234801946923	1.5286648308006576	3.0
Rest	frozen_module_decoder	IFI44L	1649	-0.21090795250838434	8.601778807006921	9.761272787112294e-05	-0.8453701431833558	3.0
Rest	frozen_module_decoder	KMT5B	1832	0.928974785236399	8.652260101485409	0.0028360706868651372	2.5237967755725075	3.0
Rest	frozen_module_decoder	MARCHF8	2015	0.504589501165595	8.59250893684174	0.0008428340857877843	1.3103920880037627	3.0
Rest	frozen_module_decoder	MYO1C	2199	0.9603765274337122	8.588198554255726	0.003322396324408125	2.6820635493941296	3.0
Rest	frozen_module_decoder	NUDT16L1	2382	0.2605545178497487	8.567333584534136	0.0004156487393364124	0.603462490363829	3.0
Rest	frozen_module_decoder	PHF3	2565	0.6241938248799729	8.522111226068464	0.0012946307606107644	1.7396027699201735	3.0
Rest	frozen_module_decoder	PRKCI	2748	0.0	8.641057327958249	0.00017669997361522414	-0.2519248066095301	3.0
Rest	frozen_module_decoder	RDH10	2932	0.0	8.389132521348719	0.00022732439190725184	0.0	3.0
Rest	frozen_module_decoder	SEC23IP	3115	0.0	8.605675286824447	0.00018306389980225448	-0.2165427654757277	3.0
Rest	frozen_module_decoder	SLC66A2	3298	0.0	8.389132521348719	0.00022732439190725184	0.0	3.0
Rest	frozen_module_decoder	STX2	3481	0.0	8.389132521348719	0.00022732439190725184	0.0	3.0
Rest	frozen_module_decoder	TMEM141	3665	0.0	8.389132521348719	0.00022732439190725184	0.0	3.0
Rest	frozen_module_decoder	TSPYL1	3848	-0.0424488212470215	8.613194510950922	0.00015996732622278203	-0.351408453343268	3.0
Rest	frozen_module_decoder	VKORC1	4031	0.05518434637198451	8.513787149016654	0.00023681433750274983	0.04089841144801909	3.0
Rest	frozen_module_decoder	ZNF148	4214	0.915348533345823	8.553366543778761	0.003005471122524618	2.581811577607427	3.0
Rest	frozen_module_decoder	ZYX	4398	0.0	8.389132521348719	0.00022732439190725184	0.0	3.0
Stim8hr	nearest_centroid	AACS	0	-0.4668315492807125	8.389132521348719	0.00022732439190725184	0.0	0.0
Stim8hr	nearest_centroid	AP1S3	183	-0.01805026933987135	8.389132521348719	0.00022732439190725184	0.0	0.0
Stim8hr	nearest_centroid	BATF3	366	-1.7399435323925156	8.389132521348719	0.00022732439190725184	0.0	0.0
Stim8hr	nearest_centroid	CCDC127	549	-4.696856876817465	8.389132521348719	0.00022732439190725184	0.0	0.0
Stim8hr	nearest_centroid	CKAP4	733	-22.875495829203025	8.389132521348719	0.00022732439190725184	0.0	0.0
Stim8hr	nearest_centroid	DAPK3	916	-0.0	8.389132521348719	0.00022732439190725184	0.0	0.0
Stim8hr	nearest_centroid	EEF2K	1099	-3.980030304481455	8.389132521348719	0.00022732439190725184	0.0	0.0
Stim8hr	nearest_centroid	FDXR	1282	-0.8405799680168689	8.389132521348719	0.00022732439190725184	0.0	0.0
Stim8hr	nearest_centroid	GPR15	1466	-26.56122868284074	8.389132521348719	0.00022732439190725184	0.0	0.0
Stim8hr	nearest_centroid	IFI44L	1649	-3.0799076880761684	8.389132521348719	0.00022732439190725184	0.0	0.0
Stim8hr	nearest_centroid	KMT5B	1832	-12.710454047697318	8.389132521348719	0.00022732439190725184	0.0	0.0
Stim8hr	nearest_centroid	MARCHF8	2015	-3.8976609289612676	8.389132521348719	0.00022732439190725184	0.0	0.0
Stim8hr	nearest_centroid	MYO1C	2199	-3.640607197445016	8.389132521348719	0.00022732439190725184	0.0	0.0
Stim8hr	nearest_centroid	NUDT16L1	2382	-1.8613889062287103	8.389132521348719	0.00022732439190725184	0.0	0.0
Stim8hr	nearest_centroid	PHF3	2565	-2.609673878069063	8.389132521348719	0.00022732439190725184	0.0	0.0
Stim8hr	nearest_centroid	PRKCI	2748	-0.07260661916921114	8.389132521348719	0.00022732439190725184	0.0	0.0
Stim8hr	nearest_centroid	RDH10	2932	-0.549528328033205	8.389132521348719	0.00022732439190725184	0.0	0.0
Stim8hr	nearest_centroid	SEC23IP	3115	-0.18752227670335292	8.389132521348719	0.00022732439190725184	0.0	0.0
Stim8hr	nearest_centroid	SLC66A2	3298	-0.0	8.389132521348719	0.00022732439190725184	0.0	0.0
Stim8hr	nearest_centroid	STX2	3481	-0.306346027343168	8.389132521348719	0.00022732439190725184	0.0	0.0
Stim8hr	nearest_centroid	TMEM141	3665	-0.0	8.389132521348719	0.00022732439190725184	0.0	0.0
Stim8hr	nearest_centroid	TSPYL1	3848	-1.423296465432573	8.389132521348719	0.00022732439190725184	0.0	0.0
Stim8hr	nearest_centroid	VKORC1	4031	-0.0653353304410176	8.389132521348719	0.00022732439190725184	0.0	0.0
Stim8hr	nearest_centroid	ZNF148	4214	-20.004919744607694	8.389132521348719	0.00022732439190725184	0.0	0.0
Stim8hr	nearest_centroid	ZYX	4398	-0.0	8.389132521348719	0.00022732439190725184	0.0	0.0
Stim8hr	RNA_fingerprint_cosine	AACS	0	-0.00024915895083281583	8.389306140025845	0.00022671933174100338	-0.0026652081854532383	10.0
Stim8hr	RNA_fingerprint_cosine	AP1S3	183	0.0	8.389132521348719	0.00022732439190725184	0.0	10.0
Stim8hr	RNA_fingerprint_cosine	BATF3	366	0.06666358688119117	11.316404389860981	2.3706328478725438e-05	-2.26063599970035	10.0
Stim8hr	RNA_fingerprint_cosine	CCDC127	549	0.5078692349618729	9.669169988181817	0.010148010134630129	3.7986548827856303	10.0
Stim8hr	RNA_fingerprint_cosine	CKAP4	733	0.11613942513241397	8.899014487626777	0.00043610817556174515	0.6515122850460813	10.0
Stim8hr	RNA_fingerprint_cosine	DAPK3	916	0.0	8.389132521348719	0.00022732439190725184	0.0	10.0
Stim8hr	RNA_fingerprint_cosine	EEF2K	1099	0.0	8.389132521348719	0.00022732439190725184	0.0	10.0
Stim8hr	RNA_fingerprint_cosine	FDXR	1282	0.0002098412513395156	8.389892876906696	0.00022762876848216333	0.001338056955418665	10.0
Stim8hr	RNA_fingerprint_cosine	GPR15	1466	0.38726856201709997	8.450344531074572	0.010278932046246745	3.8114736104451463	10.0
Stim8hr	RNA_fingerprint_cosine	IFI44L	1649	-0.009614305808547979	10.313340983171578	3.0145224423301876e-05	-2.0203515199083384	10.0
Stim8hr	RNA_fingerprint_cosine	KMT5B	1832	0.5217209960075548	8.462221905975657	0.038968098845488575	5.144120575448611	10.0
Stim8hr	RNA_fingerprint_cosine	MARCHF8	2015	0.1461195787468635	8.885411481726646	0.0005966286324908961	0.9649168270907076	10.0
Stim8hr	RNA_fingerprint_cosine	MYO1C	2199	0.7505856021440952	9.45875308469184	0.14186249107741516	6.43623545809783	10.0
Stim8hr	RNA_fingerprint_cosine	NUDT16L1	2382	0.0	8.389132521348719	0.00022732439190725184	0.0	10.0
Stim8hr	RNA_fingerprint_cosine	PHF3	2565	0.2480929939933507	8.502461037685201	0.002425952379806403	2.3676014235970246	10.0
Stim8hr	RNA_fingerprint_cosine	PRKCI	2748	0.0	8.389132521348719	0.00022732439190725184	0.0	10.0
Stim8hr	RNA_fingerprint_cosine	RDH10	2932	-0.00010426597871731594	8.412991392437721	0.0002217335655079265	-0.02490153087617486	10.0
Stim8hr	RNA_fingerprint_cosine	SEC23IP	3115	0.0	8.389132521348719	0.00022732439190725184	0.0	10.0
Stim8hr	RNA_fingerprint_cosine	SLC66A2	3298	0.0	8.389132521348719	0.00022732439190725184	0.0	10.0
Stim8hr	RNA_fingerprint_cosine	STX2	3481	0.0	8.389132521348719	0.00022732439190725184	0.0	10.0
Stim8hr	RNA_fingerprint_cosine	TMEM141	3665	0.0	8.389132521348719	0.00022732439190725184	0.0	10.0
Stim8hr	RNA_fingerprint_cosine	TSPYL1	3848	0.0005380733504275417	8.39074264669285	0.00022818316113805035	0.0037706081601438513	10.0
Stim8hr	RNA_fingerprint_cosine	VKORC1	4031	0.8931193101245121	9.389271454045787	0.6324979162826534	7.931054168548053	10.0
Stim8hr	RNA_fingerprint_cosine	ZNF148	4214	0.5306413835648773	8.448778746179107	0.04318055889812385	5.246767610818385	10.0
Stim8hr	RNA_fingerprint_cosine	ZYX	4398	0.0	8.389132521348719	0.00022732439190725184	0.0	10.0
Stim8hr	frozen_module_decoder	AACS	0	-0.15531335160691317	8.527828620983136	0.00012418121153376298	-0.6046361544551573	3.0
Stim8hr	frozen_module_decoder	AP1S3	183	0.0	8.389132521348719	0.00022732439190725184	0.0	3.0
Stim8hr	frozen_module_decoder	BATF3	366	0.17248741166324333	8.634605383514998	0.00029837987094599424	0.2719893728234499	3.0
Stim8hr	frozen_module_decoder	CCDC127	549	0.17537900643466847	8.50920049582723	0.0003411925843795736	0.4060690448254949	3.0
Stim8hr	frozen_module_decoder	CKAP4	733	0.13997757968143176	8.6314945381908	0.00027149636720329043	0.17757072220221382	3.0
Stim8hr	frozen_module_decoder	DAPK3	916	0.0	8.389132521348719	0.00022732439190725184	0.0	3.0
Stim8hr	frozen_module_decoder	EEF2K	1099	0.0	8.389132521348719	0.00022732439190725184	0.0	3.0
Stim8hr	frozen_module_decoder	FDXR	1282	0.015423007331758722	8.547616032538574	0.00020319447947981487	-0.11221448919457977	3.0
Stim8hr	frozen_module_decoder	GPR15	1466	0.5787493493890189	8.533853531358146	0.0011164452967400494	1.59152703815763	3.0
Stim8hr	frozen_module_decoder	IFI44L	1649	-0.14856764748137655	8.602074021457138	0.00011765229171368557	-0.6586444425525482	3.0
Stim8hr	frozen_module_decoder	KMT5B	1832	0.9350478221157501	8.610977193646516	0.0030099442340120732	2.583298794049453	3.0
Stim8hr	frozen_module_decoder	MARCHF8	2015	0.16499418570676724	8.564019785009183	0.00031308456509620376	0.320095293459838	3.0
Stim8hr	frozen_module_decoder	MYO1C	2199	0.9786486674651688	8.651047256935115	0.0032958167883471146	2.67403126680911	3.0
Stim8hr	frozen_module_decoder	NUDT16L1	2382	0.0	8.389132521348719	0.00022732439190725184	0.0	3.0
Stim8hr	frozen_module_decoder	PHF3	2565	0.6568279613048639	8.513275014001565	0.0014404623650562292	1.8463413912617455	3.0
Stim8hr	frozen_module_decoder	PRKCI	2748	0.0	8.389132521348719	0.00022732439190725184	0.0	3.0
Stim8hr	frozen_module_decoder	RDH10	2932	-0.19872533541076995	8.545170262097031	0.00010714298916006954	-0.7522137469806225	3.0
Stim8hr	frozen_module_decoder	SEC23IP	3115	0.0	8.389132521348719	0.00022732439190725184	0.0	3.0
Stim8hr	frozen_module_decoder	SLC66A2	3298	0.0	8.389132521348719	0.00022732439190725184	0.0	3.0
Stim8hr	frozen_module_decoder	STX2	3481	0.0	8.389132521348719	0.00022732439190725184	0.0	3.0
Stim8hr	frozen_module_decoder	TMEM141	3665	0.0	8.389132521348719	0.00022732439190725184	0.0	3.0
Stim8hr	frozen_module_decoder	TSPYL1	3848	0.4471103337436922	8.507474424910553	0.000772295411555039	1.2229890976692426	3.0
Stim8hr	frozen_module_decoder	VKORC1	4031	-0.06034126984605928	8.543532358077554	0.00016254491935135867	-0.3354236462670137	3.0
Stim8hr	frozen_module_decoder	ZNF148	4214	0.8460653587954469	8.62788890883968	0.002266104881796631	2.2994396888953794	3.0
Stim8hr	frozen_module_decoder	ZYX	4398	0.0	8.389132521348719	0.00022732439190725184	0.0	3.0
Stim48hr	nearest_centroid	AACS	0	-0.15541742229677893	8.389132521348719	0.00022732439190725184	0.0	0.0
Stim48hr	nearest_centroid	AP1S3	183	-0.06797752674551548	8.389132521348719	0.00022732439190725184	0.0	0.0
Stim48hr	nearest_centroid	BATF3	366	-2.098479479971177	8.389132521348719	0.00022732439190725184	0.0	0.0
Stim48hr	nearest_centroid	CCDC127	549	-3.9960595836304944	8.389132521348719	0.00022732439190725184	0.0	0.0
Stim48hr	nearest_centroid	CKAP4	733	-15.690321938220437	8.389132521348719	0.00022732439190725184	0.0	0.0
Stim48hr	nearest_centroid	DAPK3	916	-0.0	8.389132521348719	0.00022732439190725184	0.0	0.0
Stim48hr	nearest_centroid	EEF2K	1099	-5.434066151961132	8.389132521348719	0.00022732439190725184	0.0	0.0
Stim48hr	nearest_centroid	FDXR	1282	-0.5401701396423746	8.389132521348719	0.00022732439190725184	0.0	0.0
Stim48hr	nearest_centroid	GPR15	1466	-12.42160876547121	8.389132521348719	0.00022732439190725184	0.0	0.0
Stim48hr	nearest_centroid	IFI44L	1649	-1.9124834187801714	8.389132521348719	0.00022732439190725184	0.0	0.0
Stim48hr	nearest_centroid	KMT5B	1832	-16.811029640594107	8.389132521348719	0.00022732439190725184	0.0	0.0
Stim48hr	nearest_centroid	MARCHF8	2015	-6.7801641391656835	8.389132521348719	0.00022732439190725184	0.0	0.0
Stim48hr	nearest_centroid	MYO1C	2199	-4.343080129140838	8.389132521348719	0.00022732439190725184	0.0	0.0
Stim48hr	nearest_centroid	NUDT16L1	2382	-3.730959214429039	8.389132521348719	0.00022732439190725184	0.0	0.0
Stim48hr	nearest_centroid	PHF3	2565	-2.411707605724242	8.389132521348719	0.00022732439190725184	0.0	0.0
Stim48hr	nearest_centroid	PRKCI	2748	-0.0683652321100502	8.389132521348719	0.00022732439190725184	0.0	0.0
Stim48hr	nearest_centroid	RDH10	2932	-0.7807454912880999	8.389132521348719	0.00022732439190725184	0.0	0.0
Stim48hr	nearest_centroid	SEC23IP	3115	-0.17759960648943318	8.389132521348719	0.00022732439190725184	0.0	0.0
Stim48hr	nearest_centroid	SLC66A2	3298	-0.0	8.389132521348719	0.00022732439190725184	0.0	0.0
Stim48hr	nearest_centroid	STX2	3481	-1.1527580323873237	8.389132521348719	0.00022732439190725184	0.0	0.0
Stim48hr	nearest_centroid	TMEM141	3665	-0.0	8.389132521348719	0.00022732439190725184	0.0	0.0
Stim48hr	nearest_centroid	TSPYL1	3848	-5.028198628341291	8.389132521348719	0.00022732439190725184	0.0	0.0
Stim48hr	nearest_centroid	VKORC1	4031	-0.1963177336776093	8.389132521348719	0.00022732439190725184	0.0	0.0
Stim48hr	nearest_centroid	ZNF148	4214	-28.68967962350678	8.389132521348719	0.00022732439190725184	0.0	0.0
Stim48hr	nearest_centroid	ZYX	4398	-0.0	8.389132521348719	0.00022732439190725184	0.0	0.0
Stim48hr	RNA_fingerprint_cosine	AACS	0	3.4388902142866085e-06	8.43765236701358	0.00021656539989277487	-0.04848545676271776	10.0
Stim48hr	RNA_fingerprint_cosine	AP1S3	183	0.0	8.393062594089193	0.00022643274378003205	-0.0039300727404736335	10.0
Stim48hr	RNA_fingerprint_cosine	BATF3	366	0.0028991448019073086	10.928549227272356	1.846639841490598e-05	-2.510425257904563	10.0
Stim48hr	RNA_fingerprint_cosine	CCDC127	549	0.06827355583061258	10.469826453173217	5.6172070270724376e-05	-1.3979583735183727	10.0
Stim48hr	RNA_fingerprint_cosine	CKAP4	733	0.2280642191584702	11.793073555126483	7.392707944220702e-05	-1.123298842193062	10.0
Stim48hr	RNA_fingerprint_cosine	DAPK3	916	0.0	8.389132521348719	0.00022732439190725184	0.0	10.0
Stim48hr	RNA_fingerprint_cosine	EEF2K	1099	-0.002115389969057653	9.237510447792083	9.528250450912178e-05	-0.8695318261339402	10.0
Stim48hr	RNA_fingerprint_cosine	FDXR	1282	3.131701930109909e-05	8.39752873593473	0.00022549432497601097	-0.00808304439300045	10.0
Stim48hr	RNA_fingerprint_cosine	GPR15	1466	0.3037576247330895	9.112515400545169	0.002299786116460782	2.314193368134445	10.0
Stim48hr	RNA_fingerprint_cosine	IFI44L	1649	0.0	8.389132521348719	0.00022732439190725184	0.0	10.0
Stim48hr	RNA_fingerprint_cosine	KMT5B	1832	0.4753548309228248	8.46846670051999	0.024357428812217766	4.674214130056978	10.0
Stim48hr	RNA_fingerprint_cosine	MARCHF8	2015	0.1569238721368855	9.60970321041719	0.000322159275905216	0.34866803230038457	10.0
Stim48hr	RNA_fingerprint_cosine	MYO1C	2199	-0.0005614897960854131	8.392827623243523	0.00022521782314458726	-0.009309999855657836	10.0
Stim48hr	RNA_fingerprint_cosine	NUDT16L1	2382	-0.0014970070718428059	10.54797849661444	2.5856499240036292e-05	-2.1738160459841502	10.0
Stim48hr	RNA_fingerprint_cosine	PHF3	2565	0.20835540095876634	8.472827325667954	0.0016794762064092777	1.9998592052684288	10.0
Stim48hr	RNA_fingerprint_cosine	PRKCI	2748	0.0	8.389132521348719	0.00022732439190725184	0.0	10.0
Stim48hr	RNA_fingerprint_cosine	RDH10	2932	0.0013821305983722993	8.553113158552032	0.00019562874510071362	-0.15015933121958902	10.0
Stim48hr	RNA_fingerprint_cosine	SEC23IP	3115	0.0	8.389132521348719	0.00022732439190725184	0.0	10.0
Stim48hr	RNA_fingerprint_cosine	SLC66A2	3298	0.0	8.389132521348719	0.00022732439190725184	0.0	10.0
Stim48hr	RNA_fingerprint_cosine	STX2	3481	0.0	8.51314190905907	0.0002008118999789953	-0.12400938771035186	10.0
Stim48hr	RNA_fingerprint_cosine	TMEM141	3665	0.0	8.389132521348719	0.00022732439190725184	0.0	10.0
Stim48hr	RNA_fingerprint_cosine	TSPYL1	3848	0.0030973827395103797	8.405366336699544	0.0002306999731188665	0.014740012044278217	10.0
Stim48hr	RNA_fingerprint_cosine	VKORC1	4031	0.7468166200658176	9.202832516520733	0.17645907205675915	6.6544662054861625	10.0
Stim48hr	RNA_fingerprint_cosine	ZNF148	4214	0.5063523614070486	8.437651060689882	0.03424798847623821	5.0150050747293236	10.0
Stim48hr	RNA_fingerprint_cosine	ZYX	4398	0.0	8.389132521348719	0.00022732439190725184	0.0	10.0
Stim48hr	frozen_module_decoder	AACS	0	-0.09599252741621819	8.602736528615807	0.00013766131743034394	-0.5015815895157427	3.0
Stim48hr	frozen_module_decoder	AP1S3	183	0.0	8.599465590435859	0.00018420420785892925	-0.2103330690871399	3.0
Stim48hr	frozen_module_decoder	BATF3	366	0.41185523244184563	8.53336505192788	0.0006770270334541423	1.0913331667463755	3.0
Stim48hr	frozen_module_decoder	CCDC127	549	-0.4899614996392649	8.568390091296724	4.369510000356092e-05	-1.6491420688657996	3.0
Stim48hr	frozen_module_decoder	CKAP4	733	0.3665327985460445	8.61447747443632	0.0005449159045428323	0.8742534425505317	3.0
Stim48hr	frozen_module_decoder	DAPK3	916	0.0	8.389132521348719	0.00022732439190725184	0.0	3.0
Stim48hr	frozen_module_decoder	EEF2K	1099	-0.34306877201153635	8.623171503394536	6.427255665694534e-05	-1.2632452980804256	3.0
Stim48hr	frozen_module_decoder	FDXR	1282	-0.04052417886954027	8.516228642932042	0.00017727627270319623	-0.24866865819194395	3.0
Stim48hr	frozen_module_decoder	GPR15	1466	0.09670435235751816	8.562906423370684	0.00025537094940880373	0.11633915505058923	3.0
Stim48hr	frozen_module_decoder	IFI44L	1649	0.0	8.389132521348719	0.00022732439190725184	0.0	3.0
Stim48hr	frozen_module_decoder	KMT5B	1832	0.8910821246033394	8.653082037716555	0.0025292419038122262	2.4092968574421825	3.0
Stim48hr	frozen_module_decoder	MARCHF8	2015	0.2749993577024053	8.561731061201929	0.00043649528346397545	0.6523995332540062	3.0
Stim48hr	frozen_module_decoder	MYO1C	2199	0.14618148394475194	8.566880921206156	0.00029505863184032925	0.26079605197681843	3.0
Stim48hr	frozen_module_decoder	NUDT16L1	2382	0.20452875588621294	8.62328910017394	0.0003322234303174603	0.379429688833417	3.0
Stim48hr	frozen_module_decoder	PHF3	2565	0.22049777253841335	8.497956404823068	0.0003950638789775163	0.5526694341408911	3.0
Stim48hr	frozen_module_decoder	PRKCI	2748	0.0	8.389132521348719	0.00022732439190725184	0.0	3.0
Stim48hr	frozen_module_decoder	RDH10	2932	-0.18811935798678925	8.509269720388843	0.00011464985718186232	-0.6844952730004916	3.0
Stim48hr	frozen_module_decoder	SEC23IP	3115	0.0	8.389132521348719	0.00022732439190725184	0.0	3.0
Stim48hr	frozen_module_decoder	SLC66A2	3298	0.0	8.389132521348719	0.00022732439190725184	0.0	3.0
Stim48hr	frozen_module_decoder	STX2	3481	0.0	8.608241693874167	0.00018259468567401375	-0.2191091725254477	3.0
Stim48hr	frozen_module_decoder	TMEM141	3665	0.0	8.389132521348719	0.00022732439190725184	0.0	3.0
Stim48hr	frozen_module_decoder	TSPYL1	3848	0.20831800506466241	8.49056569093979	0.00038371453673664694	0.5235208456029152	3.0
Stim48hr	frozen_module_decoder	VKORC1	4031	-0.18081514482167668	8.537071762568926	0.00011397662242638933	-0.6903846756852374	3.0
Stim48hr	frozen_module_decoder	ZNF148	4214	0.8325583889416968	8.586284602248067	0.002268561303495777	2.3005230859257413	3.0
Stim48hr	frozen_module_decoder	ZYX	4398	0.0	8.389132521348719	0.00022732439190725184	0.0	3.0
