target,culture_condition,molecular_support_fraction,molecular_any_fraction,evidence_response_edges
AHR,Rest,0.05091430620294012,0.6285406955898172,2789
AHR,Stim48hr,0.04832509610104338,0.6265788028555739,1821
AHR,Stim8hr,0.04617117117117117,0.6283783783783784,1776
AIP,Rest,0.0,0.7184466019417476,103
AIP,Stim48hr,0.0,0.6935483870967742,248
AIP,Stim8hr,0.0,0.6887417218543046,302
ARID3A,Stim48hr,0.0,0.7142857142857143,14
ARID3A,Stim8hr,0.0,0.8571428571428571,7
ARNT,Rest,0.05476498490728762,0.6399310047434239,2319
ARNT,Stim48hr,0.05227427019687712,0.6164290563475899,2946
ARNT,Stim8hr,0.05450416351249054,0.6241483724451173,2642
ASH1L,Rest,0.0,0.3333333333333333,9
ASH1L,Stim48hr,0.0,0.8571428571428571,7
ASH1L,Stim8hr,0.0,1.0,3
ATF1,Rest,0.0,0.0,2
ATF1,Stim48hr,0.0,0.5,6
ATF1,Stim8hr,0.0,0.0,1
ATF2,Rest,0.0,0.3333333333333333,3
ATF3,Stim48hr,0.0,0.6666666666666666,9
ATF4,Rest,0.058823529411764705,0.6588235294117647,85
ATF6,Rest,0.0,1.0,1
ATF6,Stim48hr,0.0,0.0,1
ATF6,Stim8hr,0.0,0.0,2
ATF7,Rest,0.0,0.5,2
ATF7,Stim48hr,0.0,0.5,2
ATF7,Stim8hr,0.0,1.0,1
ATM,Rest,0.0,0.6875,96
ATM,Stim48hr,0.0,0.5704225352112676,142
ATM,Stim8hr,0.0,0.6714285714285714,70
BACH1,Stim8hr,0.5,1.0,2
BACH2,Stim48hr,0.0,0.3333333333333333,3
BACH2,Stim8hr,0.0,0.9333333333333333,15
BCL6,Rest,0.0,0.4375,16
BCL6,Stim48hr,0.04477611940298507,0.5671641791044776,67
BCL6,Stim8hr,0.07142857142857142,0.5714285714285714,28
BIN1,Rest,0.0,1.0,1
BMAL1,Rest,0.0,0.75,4
BMAL1,Stim48hr,0.0,1.0,1
BMAL1,Stim8hr,0.4,0.8,5
BMAL2,Stim8hr,0.0,0.0,1
BRD7,Rest,0.0,0.5316455696202531,79
BRD7,Stim48hr,0.0,0.7142857142857143,7
BRD7,Stim8hr,0.0,0.5681818181818182,44
BRPF1,Rest,0.0,0.6055776892430279,1004
BRPF1,Stim48hr,0.0,0.5780274656679151,801
BRPF1,Stim8hr,0.0,0.5926133184107443,1787
BTAF1,Rest,0.0,0.6254752851711026,1052
BTAF1,Stim48hr,0.0,0.6023166023166023,1295
BTAF1,Stim8hr,0.0006702412868632708,0.6246648793565683,1492
BTG2,Stim48hr,0.0,1.0,1
BTG2,Stim8hr,0.0,1.0,1
CBX5,Rest,0.0,0.625,48
CBX5,Stim48hr,0.0,0.6648841354723708,561
CBX5,Stim8hr,0.0,0.6077586206896551,232
CEBPB,Rest,0.0,0.3333333333333333,6
CEBPB,Stim48hr,0.0,0.75,12
CEBPB,Stim8hr,0.0,0.5,2
CHD4,Rest,0.0,0.5971643035863219,1199
CHD4,Stim48hr,0.002403846153846154,0.5697115384615384,416
CHD4,Stim8hr,0.0,0.5864116094986808,1516
CIITA,Rest,0.0,0.5,2
CIITA,Stim48hr,0.0,0.3333333333333333,3
CIITA,Stim8hr,0.0,0.0,1
CLOCK,Rest,0.0,1.0,2
CLOCK,Stim48hr,0.25,0.75,4
CLOCK,Stim8hr,0.5,0.75,4
CNBP,Rest,0.0,0.6153846153846154,52
CNBP,Stim48hr,0.0,0.6772908366533864,251
CNBP,Stim8hr,0.0,0.6628352490421456,261
CREB1,Rest,0.10050251256281408,0.6834170854271356,199
CREB1,Stim48hr,0.11475409836065574,0.6577868852459017,488
CREB1,Stim8hr,0.10804597701149425,0.6459770114942529,435
CREBBP,Rest,0.0006406149903907751,0.5836002562459962,1561
CREBBP,Stim48hr,0.002556237218813906,0.5782208588957055,1956
CREBBP,Stim8hr,0.0013477088948787063,0.5680592991913747,2968
CREG1,Stim48hr,0.0,0.0,1
CREG1,Stim8hr,0.0,0.0,1
CREM,Rest,0.0,0.0,1
CTNNB1,Rest,0.0,0.8333333333333334,6
CTNNB1,Stim48hr,0.0,0.7166666666666667,60
CUX1,Rest,0.0,0.5357142857142857,28
CUX1,Stim48hr,0.0,1.0,1
CUX1,Stim8hr,0.0,1.0,1
DDB2,Rest,0.0,1.0,3
DDB2,Stim48hr,0.0,0.7142857142857143,28
DDB2,Stim8hr,0.0,0.0,3
DDIT3,Stim48hr,0.0,1.0,4
DEK,Rest,0.0,0.4838709677419355,93
DEK,Stim48hr,0.0,0.5925925925925926,81
DEK,Stim8hr,0.0,0.4666666666666667,45
DNMT3A,Rest,0.0,0.6774193548387096,31
DR1,Rest,0.0,0.6274509803921569,102
DR1,Stim48hr,0.0,0.6683501683501684,594
DR1,Stim8hr,0.0,0.6129032258064516,434
E2F3,Rest,0.0,0.8333333333333334,6
E2F5,Stim48hr,0.0,0.0,1
E2F5,Stim8hr,0.0,0.0,2
E2F6,Rest,0.2,0.2,5
E2F6,Stim48hr,0.05263157894736842,0.42105263157894735,19
E2F6,Stim8hr,0.14285714285714285,0.5714285714285714,7
E2F7,Rest,0.0,0.8,5
E2F7,Stim48hr,0.0,1.0,1
E2F8,Rest,0.0,1.0,1
E2F8,Stim8hr,0.0,1.0,3
EAF1,Rest,0.0,1.0,2
EAF1,Stim48hr,0.0,0.5,6
EAF1,Stim8hr,0.0,1.0,1
EGR1,Stim48hr,0.0,1.0,2
EGR1,Stim8hr,0.0,0.5,6
EGR2,Stim48hr,0.003952569169960474,0.5810276679841897,253
EGR2,Stim8hr,0.00117096018735363,0.6194379391100703,854
EGR3,Stim48hr,0.0,0.0,1
EGR3,Stim8hr,0.0,0.504950495049505,101
EHMT2,Rest,0.0,0.5973389355742297,1428
EHMT2,Stim48hr,0.0009940357852882703,0.5775347912524851,1006
EHMT2,Stim8hr,0.0008496176720475786,0.5819881053525914,1177
EIF2AK2,Rest,0.0,0.5,2
EIF2AK2,Stim48hr,0.0,0.3333333333333333,3
EIF2AK2,Stim8hr,0.0,0.25,4
EIF4EBP1,Rest,0.0,0.0,1
EIF4EBP1,Stim8hr,0.0,1.0,1
ELF4,Rest,0.0,0.611764705882353,85
ELF4,Stim48hr,0.0,0.36363636363636365,11
ELF4,Stim8hr,0.0,0.5757575757575758,66
ELK1,Rest,0.0,0.7142857142857143,7
ELK1,Stim48hr,0.0,0.8,5
ELK1,Stim8hr,0.034482758620689655,0.5517241379310345,29
ELK3,Stim8hr,0.0,0.0,1
ELK4,Rest,1.0,1.0,1
ELK4,Stim8hr,0.0,0.0,2
EP300,Rest,0.0,0.7534246575342466,73
EP300,Stim48hr,0.005649717514124294,0.5819209039548022,177
EP300,Stim8hr,0.0,0.6962025316455697,158
EPAS1,Stim48hr,0.0,0.6842105263157895,19
ERF,Rest,0.0,0.6078431372549019,51
ESRRA,Stim48hr,0.0,0.5416666666666666,24
ESRRA,Stim8hr,0.0,0.75,20
ETS2,Rest,0.0,0.0,1
ETS2,Stim48hr,0.0,0.0,1
ETS2,Stim8hr,0.0,0.5,4
ETV3,Rest,0.0,0.75,4
ETV6,Rest,0.0,0.5,2
ETV6,Stim8hr,0.0,0.0,1
FLI1,Rest,0.0,0.643312101910828,314
FLI1,Stim48hr,0.0,0.578125,64
FLI1,Stim8hr,0.0035460992907801418,0.6382978723404256,282
FOS,Stim48hr,0.5,1.0,2
FOSL1,Stim48hr,0.0,0.0,1
FOSL2,Rest,0.0,0.6470588235294118,34
FOSL2,Stim48hr,0.0,0.6700507614213198,197
FOSL2,Stim8hr,0.02,0.8,50
FOXK2,Stim48hr,0.0,0.0,1
FOXO1,Rest,0.003014318010550113,0.6330067822155238,1327
FOXO1,Stim48hr,0.0034482758620689655,0.6327586206896552,580
FOXO1,Stim8hr,0.004728132387706856,0.6430260047281324,846
FOXO3,Rest,0.0,0.8,5
FOXO3,Stim8hr,0.0,0.7272727272727273,22
FOXO4,Rest,0.0,0.6153846153846154,13
FOXO4,Stim48hr,0.0,0.7272727272727273,11
FOXO4,Stim8hr,0.0,0.6666666666666666,9
FOXP3,Rest,0.0,0.5,2
FOXP3,Stim48hr,0.0,0.0,3
FOXP3,Stim8hr,0.0,0.3333333333333333,3
FUBP1,Rest,0.0,0.6467391304347826,552
FUBP1,Stim48hr,0.0007987220447284345,0.6317891373801917,1252
FUBP1,Stim8hr,0.0008389261744966443,0.6317114093959731,1192
FUS,Stim8hr,0.0,1.0,1
GATA3,Rest,0.08117249154453213,0.6617812852311161,887
GATA3,Stim48hr,0.0926517571884984,0.6749201277955271,1252
GATA3,Stim8hr,0.0840064620355412,0.6518578352180937,1238
GTF2A1,Rest,0.0,0.42857142857142855,7
GTF2A1,Stim48hr,0.0,0.6428571428571429,42
GTF2A1,Stim8hr,0.0,0.7241379310344828,29
GTF2I,Rest,0.0,0.35714285714285715,14
GTF2I,Stim48hr,0.0,0.4666666666666667,15
GTF2I,Stim8hr,0.0,0.5333333333333333,15
GTF3A,Rest,0.0,0.5,2
GTF3A,Stim8hr,0.0,0.0,1
HBP1,Rest,0.0,0.0,1
HBP1,Stim48hr,0.0,0.3333333333333333,3
HBP1,Stim8hr,0.0,0.0,1
HDAC1,Rest,0.0,0.5,68
HDAC1,Stim48hr,0.0,0.46551724137931033,58
HDAC1,Stim8hr,0.0,0.5280898876404494,89
HDAC2,Rest,0.0,0.3333333333333333,3
HDAC2,Stim48hr,0.0,0.375,24
HDAC2,Stim8hr,0.0,0.0,2
HDAC3,Stim48hr,0.0,0.62,100
HDAC5,Rest,0.0,0.6666666666666666,9
HDAC5,Stim48hr,0.0,0.5,2
HDAC7,Rest,0.0,0.6190476190476191,84
HDGF,Rest,0.0,0.0,1
HDGF,Stim48hr,0.0,0.0,3
HDGF,Stim8hr,0.0,0.5,2
HEXIM1,Stim48hr,0.0,0.6219602063375093,1357
HEXIM1,Stim8hr,0.0,0.6437246963562753,247
HIC1,Stim48hr,0.0,0.4,5
HIF1A,Rest,0.0,1.0,1
HIF1A,Stim48hr,0.1015625,0.65625,128
HIF1A,Stim8hr,0.0,1.0,2
HIPK2,Stim48hr,0.0,0.625,8
HIPK2,Stim8hr,0.0,0.0,1
HLTF,Rest,0.0,0.0,1
HLTF,Stim48hr,0.0,0.0,1
HLTF,Stim8hr,0.0,0.0,3
HMG20B,Rest,0.0,0.0,1
HMG20B,Stim48hr,0.0,0.75,4
HMG20B,Stim8hr,0.0,0.5,2
HMGB2,Rest,0.0,0.2,5
HMGB2,Stim48hr,0.0,0.42857142857142855,21
HMGB2,Stim8hr,0.0,0.625,8
HMGN1,Stim8hr,0.0,0.5,2
HNRNPD,Rest,0.0,0.6461538461538462,65
HNRNPD,Stim48hr,0.0,0.6443057722308893,641
HNRNPD,Stim8hr,0.0,0.6280487804878049,164
HSF2,Rest,0.0,0.75,4
HSF2,Stim48hr,0.0,0.5384615384615384,13
HSF2,Stim8hr,0.0,0.75,4
HSF4,Rest,0.0,0.5,2
HTATIP2,Stim48hr,0.0,1.0,1
HTATIP2,Stim8hr,0.0,1.0,1
ID3,Stim48hr,0.0,1.0,1
ID3,Stim8hr,0.0,1.0,1
IFI16,Rest,0.0,0.0,1
IFI16,Stim48hr,0.0,0.0,1
IFI16,Stim8hr,0.0,0.5,2
IKBKB,Stim48hr,0.0,0.678082191780822,292
IKBKB,Stim8hr,0.0,0.75,4
IKZF1,Rest,0.038461538461538464,0.5769230769230769,26
IKZF1,Stim8hr,0.029940119760479042,0.6287425149700598,167
ING4,Stim48hr,0.0,0.3333333333333333,3
INSM1,Stim8hr,0.0,0.7272727272727273,11
IRF4,Stim8hr,0.0,0.6201413427561837,566
IRF5,Stim8hr,0.0,0.5,2
IRF7,Rest,0.0,0.0,2
IRF7,Stim48hr,0.0,0.4,5
IRF7,Stim8hr,0.0,0.5,2
IRF8,Stim48hr,0.0,0.5,6
IRF8,Stim8hr,0.04597701149425287,0.632183908045977,87
JDP2,Stim48hr,0.16666666666666666,0.8333333333333334,6
JUN,Stim48hr,0.0,0.0,1
JUNB,Rest,0.020833333333333332,0.5416666666666666,48
JUNB,Stim48hr,0.0,0.6056338028169014,142
JUNB,Stim8hr,0.0,0.7029702970297029,101
JUND,Rest,0.02702702702702703,0.6216216216216216,37
JUND,Stim48hr,0.07692307692307693,0.46153846153846156,13
JUND,Stim8hr,0.09090909090909091,0.6136363636363636,44
KAT2B,Rest,0.0,0.75,4
KAT2B,Stim48hr,0.0,0.5909090909090909,44
KAT2B,Stim8hr,0.0,0.68,25
KDM4B,Stim48hr,0.0,0.5,2
KDM4B,Stim8hr,0.0,1.0,1
KDM4C,Rest,0.0,1.0,3
KDM4C,Stim48hr,0.0,0.0,1
KLF10,Rest,0.0,0.4838709677419355,31
KLF10,Stim48hr,0.0,0.375,8
KLF10,Stim8hr,0.0,0.5949367088607594,79
KLF11,Rest,0.0,0.0,1
KLF11,Stim8hr,0.0,0.0,1
KLF13,Stim48hr,0.0,0.5833333333333334,12
KLF13,Stim8hr,0.05,0.575,40
KLF16,Stim8hr,0.0,0.4594594594594595,37
KLF2,Rest,0.002028397565922921,0.6054766734279919,986
KLF6,Rest,0.0,0.5,6
KLF9,Rest,0.0,0.8,5
KLF9,Stim48hr,0.0,1.0,3
KLF9,Stim8hr,0.0,1.0,2
LCOR,Rest,0.0,0.2857142857142857,7
LCOR,Stim48hr,0.0,0.42857142857142855,14
LDB1,Rest,0.0,0.0,1
LDB1,Stim48hr,0.0,0.5,4
LDB1,Stim8hr,0.0,0.0,2
LIMD1,Stim8hr,0.0,1.0,1
MAF,Stim48hr,0.0,0.6423357664233577,137
MAFG,Rest,0.3333333333333333,0.6666666666666666,3
MAFG,Stim48hr,0.0,0.0,2
MAFG,Stim8hr,0.0,0.0,1
MAFK,Stim48hr,0.0,0.0,1
MAL,Rest,0.0,0.0,1
MAL,Stim48hr,0.0,0.0,1
MAML1,Stim48hr,0.0,0.0,1
MAX,Rest,0.0898876404494382,0.5955056179775281,89
MAX,Stim48hr,0.1,0.62,100
MAX,Stim8hr,0.07290729072907291,0.6471647164716472,2222
MED1,Stim8hr,0.0012224938875305623,0.6332518337408313,818
MED15,Rest,0.0,0.6154668567355667,2806
MED15,Stim48hr,0.0,0.6097014925373134,1340
MED15,Stim8hr,0.0,0.6117073170731707,2050
MED23,Rest,0.0,0.6122448979591837,147
MED23,Stim48hr,0.0,0.6830601092896175,366
MED23,Stim8hr,0.0,0.6429277942631059,1011
MEF2A,Rest,0.0,1.0,3
MEF2A,Stim48hr,0.3333333333333333,0.3333333333333333,6
MEF2D,Rest,0.0,0.4,5
MEF2D,Stim48hr,0.0,0.5882352941176471,34
MEF2D,Stim8hr,0.0,0.6428571428571429,42
MIB2,Stim8hr,0.05263157894736842,0.7105263157894737,38
MLX,Rest,0.0,0.6,30
MLX,Stim48hr,0.0,1.0,3
MRTFA,Rest,0.0,0.5,4
MRTFA,Stim8hr,0.0,0.6666666666666666,3
MTA1,Rest,0.0,0.5,4
MTA1,Stim48hr,0.0,0.4,5
MTA1,Stim8hr,0.2,0.4,5
MXD1,Rest,0.0,0.3333333333333333,3
MXD1,Stim48hr,0.0,1.0,1
MXD4,Rest,0.0,1.0,1
MXI1,Stim48hr,0.0,0.7666666666666667,30
MYB,Rest,0.04909365558912387,0.6170694864048338,1324
MYB,Stim48hr,0.04013104013104013,0.6224406224406225,1221
MYB,Stim8hr,0.060546875,0.6806640625,1024
MYBL1,Rest,0.0,0.0,1
MYC,Rest,0.10526315789473684,0.7368421052631579,38
MYC,Stim8hr,0.09777777777777778,0.6874074074074074,675
NAB2,Stim48hr,0.0,0.6666666666666666,6
NAB2,Stim8hr,0.0,0.5813953488372093,301
NCOA1,Rest,0.0,0.42857142857142855,7
NCOA1,Stim48hr,0.0,0.6666666666666666,12
NCOA1,Stim8hr,0.0,0.6470588235294118,17
NCOA6,Rest,0.0,0.5833333333333334,96
NCOA6,Stim48hr,0.0,0.5217391304347826,23
NCOA6,Stim8hr,0.0,0.7407407407407407,27
NF1,Rest,0.0,0.6363636363636364,11
NF1,Stim48hr,0.0,0.3333333333333333,3
NFAT5,Rest,0.0006161429451632779,0.6561922365988909,1623
NFAT5,Stim48hr,0.0,1.0,1
NFATC3,Stim48hr,0.0,1.0,1
NFE2L1,Rest,0.015625,0.65625,64
NFIX,Stim8hr,0.0,0.6923076923076923,39
NFKB1,Rest,0.2808988764044944,0.6966292134831461,89
NFKB1,Stim48hr,0.16129032258064516,0.5645161290322581,62
NFKB1,Stim8hr,0.17647058823529413,0.6666666666666666,204
NFKB2,Rest,0.0,0.6380090497737556,442
NFKB2,Stim48hr,0.004070556309362279,0.6065128900949797,737
NFKB2,Stim8hr,0.0014825796886582653,0.6130467012601928,1349
NFKBIA,Rest,0.0,0.5,4
NFKBIA,Stim48hr,0.0,1.0,3
NFKBIA,Stim8hr,0.0,0.6,5
NFRKB,Rest,0.0,0.5998675057966214,3019
NFRKB,Stim48hr,0.0,0.5899166335847559,2519
NFRKB,Stim8hr,0.0,0.5835351089588378,2891
NONO,Rest,0.0,0.6666666666666666,15
NONO,Stim48hr,0.0,0.5384615384615384,13
NONO,Stim8hr,0.0,0.6,55
NR1H2,Rest,0.3333333333333333,0.6666666666666666,3
NR1H2,Stim48hr,0.0,1.0,2
NR1H2,Stim8hr,0.0,0.5,2
NR2C2,Rest,0.0,0.6126760563380281,284
NR2C2,Stim48hr,0.0,0.5943396226415094,212
NR2C2,Stim8hr,0.003816793893129771,0.6068702290076335,262
NR3C1,Rest,0.0,1.0,2
NR3C1,Stim48hr,0.0,1.0,2
NR4A3,Stim48hr,0.0,0.6616161616161617,396
NR4A3,Stim8hr,0.0,0.7419354838709677,31
NSD2,Rest,0.0,0.6214689265536724,177
PA2G4,Rest,0.0,0.6666666666666666,51
PCBD1,Rest,0.0,0.5,4
PCBD1,Stim48hr,0.0,0.5,2
PCBD1,Stim8hr,0.0,1.0,2
PER1,Stim48hr,0.0,1.0,2
PER2,Rest,0.0,1.0,1
PER2,Stim8hr,0.0,0.0,1
PHF8,Rest,0.0,0.6,10
PHF8,Stim48hr,0.0,0.6687898089171974,314
PHF8,Stim8hr,0.0,0.6,55
PIAS1,Rest,0.0,0.6847826086956522,92
PIAS2,Rest,0.0,1.0,2
PIAS2,Stim48hr,0.0,0.0,1
PIR,Stim8hr,0.0,0.0,1
PKNOX1,Rest,0.0,0.6098901098901099,182
PKNOX1,Stim48hr,0.0,0.5620437956204379,274
PKNOX1,Stim8hr,0.0,0.5340909090909091,264
PML,Rest,0.0,0.0,1
POU2AF1,Stim48hr,0.0,0.0,2
POU2AF1,Stim8hr,0.0,0.0,2
POU2F2,Rest,1.0,1.0,1
POU2F2,Stim48hr,0.13333333333333333,0.7333333333333333,15
POU2F2,Stim8hr,0.6,0.8,5
PPARA,Rest,0.0,0.5,10
PPARA,Stim48hr,0.0,0.5,6
PPARA,Stim8hr,0.0,0.4666666666666667,15
PPARD,Rest,0.0,1.0,1
PPARD,Stim48hr,0.0,1.0,1
PURA,Rest,0.0,0.5,4
PURA,Stim48hr,0.0,0.0,1
PURA,Stim8hr,0.0,0.0,2
RARA,Rest,0.0,0.5,14
RARA,Stim48hr,0.14285714285714285,1.0,7
RARA,Stim8hr,0.15,0.85,20
RARG,Rest,0.0,0.0,2
RARG,Stim48hr,0.0,1.0,1
RARG,Stim8hr,0.0,0.0,1
RB1,Stim48hr,0.0,1.0,1
RB1CC1,Rest,0.0,0.6112531969309463,391
RB1CC1,Stim48hr,0.0,0.6137931034482759,580
RB1CC1,Stim8hr,0.0,0.6170921198668147,901
RBL2,Rest,0.0,1.0,3
RBL2,Stim48hr,0.0,0.0,2
RBL2,Stim8hr,0.0,0.75,8
RBPJ,Rest,0.05,0.7,60
RBPJ,Stim48hr,0.05042016806722689,0.6554621848739496,119
RBPJ,Stim8hr,0.07142857142857142,0.8035714285714286,56
REL,Rest,0.0,1.0,2
REL,Stim48hr,0.0,1.0,1
REL,Stim8hr,0.012658227848101266,0.6708860759493671,79
RELA,Rest,0.6666666666666666,0.6666666666666666,3
RELA,Stim48hr,0.3783783783783784,0.6486486486486487,37
RELA,Stim8hr,0.26666666666666666,0.6857142857142857,105
RELB,Rest,0.0,1.0,2
RELB,Stim48hr,0.0,0.5,2
RELB,Stim8hr,0.0,1.0,1
REPIN1,Rest,0.0,0.0,1
REPIN1,Stim48hr,0.0,0.0,2
REPIN1,Stim8hr,0.0,0.0,1
RFX1,Rest,0.0,0.5927835051546392,194
RFX1,Stim48hr,0.0,0.5182926829268293,164
RFX1,Stim8hr,0.0034129692832764505,0.5870307167235495,293
RFX5,Rest,0.0625,0.5625,16
RFX5,Stim48hr,0.0,0.6923076923076923,13
RFX5,Stim8hr,0.0,0.6666666666666666,12
RREB1,Rest,0.0,0.5319148936170213,47
RREB1,Stim48hr,0.0,0.47058823529411764,34
RREB1,Stim8hr,0.0,0.6052631578947368,76
RUNX3,Rest,0.0,0.875,8
SAMD9L,Rest,0.0,0.5,2
SAMD9L,Stim48hr,0.0,1.0,3
SAMD9L,Stim8hr,0.0,1.0,1
SCAND1,Rest,0.0,1.0,1
SCAND1,Stim48hr,0.0,0.0,3
SCAND1,Stim8hr,0.0,1.0,1
SEC14L2,Rest,0.0,0.6157894736842106,1140
SEC14L2,Stim48hr,0.0,0.5346534653465347,101
SEC14L2,Stim8hr,0.0,0.6285714285714286,70
SETBP1,Stim48hr,0.0,1.0,1
SIN3A,Rest,0.0,0.6583850931677019,161
SIN3A,Stim48hr,0.0,1.0,2
SIN3A,Stim8hr,0.0,0.5806451612903226,31
SIRT3,Rest,0.0,0.5,4
SIRT3,Stim48hr,0.0,0.0,1
SKI,Rest,0.045454545454545456,0.8181818181818182,22
SKI,Stim8hr,0.0,0.75,4
SKIL,Stim48hr,0.0,1.0,1
SLA2,Stim48hr,0.0,0.0,3
SLA2,Stim8hr,0.0,0.5641025641025641,39
SMAD1,Stim48hr,0.0,1.0,1
SMAD1,Stim8hr,0.0,1.0,2
SMAD3,Stim8hr,0.00851063829787234,0.5936170212765958,470
SMAD4,Rest,0.07079646017699115,0.7345132743362832,113
SMAD4,Stim48hr,0.0410958904109589,0.7397260273972602,73
SMAD4,Stim8hr,0.08333333333333333,0.625,24
SMARCA4,Stim48hr,0.0,0.6033333333333334,300
SMARCA4,Stim8hr,0.006097560975609756,0.6585365853658537,164
SMARCB1,Rest,0.0,0.6087364960075152,2129
SMARCB1,Stim8hr,0.0005208333333333333,0.6234375,1920
SMURF2,Rest,0.0,1.0,1
SMURF2,Stim48hr,0.0,0.0,1
SND1,Rest,0.04,0.64,25
SND1,Stim48hr,0.058011049723756904,0.7071823204419889,362
SND1,Stim8hr,0.0673076923076923,0.6923076923076923,104
SP1,Rest,0.0546875,0.5859375,128
SP1,Stim48hr,0.13054187192118227,0.6551724137931034,406
SP1,Stim8hr,0.12217194570135746,0.6108597285067874,221
SP100,Stim8hr,0.0,0.6045751633986928,306
SP2,Rest,0.0,0.5853018372703412,381
SP2,Stim48hr,0.0,0.6058823529411764,1020
SP2,Stim8hr,0.0,0.604191616766467,1670
SP3,Rest,0.26666666666666666,0.6,15
SP3,Stim48hr,0.11607142857142858,0.6517857142857143,112
SP3,Stim8hr,0.07692307692307693,0.38461538461538464,13
SP4,Rest,0.0,0.2727272727272727,11
SP4,Stim48hr,0.0,0.25,4
SP4,Stim8hr,0.0,0.47619047619047616,21
SPEN,Rest,0.0,0.6,20
SPEN,Stim48hr,0.0,0.64,25
SPEN,Stim8hr,0.0,0.6,5
SREBF2,Rest,0.16666666666666666,0.5,6
SREBF2,Stim48hr,0.07608695652173914,0.6413043478260869,92
SREBF2,Stim8hr,0.18181818181818182,0.8181818181818182,11
STAT1,Rest,0.35294117647058826,0.8235294117647058,17
STAT1,Stim48hr,0.0,1.0,1
STAT1,Stim8hr,0.17777777777777778,0.7555555555555555,45
STAT2,Rest,0.047619047619047616,0.6666666666666666,42
STAT2,Stim48hr,0.1,0.8,20
STAT2,Stim8hr,0.09375,0.78125,32
STAT3,Rest,0.10497835497835498,0.670995670995671,924
STAT3,Stim48hr,0.114321608040201,0.6652010050251256,1592
STAT3,Stim8hr,0.10445580715850986,0.6617969320672024,1369
STAT5A,Rest,0.0,0.125,8
STAT5A,Stim48hr,0.0,0.7,260
STAT5A,Stim8hr,0.0,0.5,18
STAT6,Rest,0.0,0.5,2
STAT6,Stim48hr,0.001774622892635315,0.5980479148181012,1127
STAT6,Stim8hr,0.008620689655172414,0.6637931034482759,232
SUPT3H,Rest,0.0,0.6630824372759857,558
SUPT3H,Stim48hr,0.0,1.0,1
TBC1D22A,Rest,0.0,0.5,2
TBC1D22A,Stim48hr,0.0,0.5,2
TBC1D22A,Stim8hr,0.0,0.5,2
TBPL1,Rest,0.0,0.4782608695652174,23
TBPL1,Stim48hr,0.0,0.6666666666666666,57
TBPL1,Stim8hr,0.0,0.6,25
TBX21,Rest,0.02564102564102564,0.717948717948718,39
TBX21,Stim48hr,0.004975124378109453,0.6218905472636815,402
TBX21,Stim8hr,0.003257328990228013,0.6254071661237784,307
TCF3,Stim48hr,0.0,1.0,2
TCF3,Stim8hr,0.0,1.0,1
TCF7,Rest,0.0,0.5,2
TCF7,Stim8hr,0.0,0.5,2
TCFL5,Rest,0.0,0.4827586206896552,29
TFAP4,Rest,0.0,0.7142857142857143,112
TFAP4,Stim48hr,0.0,0.6326963906581741,471
TFAP4,Stim8hr,0.0,0.6363636363636364,198
TFCP2,Stim8hr,0.0,0.5,2
TFDP1,Stim48hr,0.008264462809917356,0.6611570247933884,121
TFDP1,Stim8hr,0.002277904328018223,0.5603644646924829,439
TGIF1,Rest,0.0,0.5714285714285714,7
TGIF1,Stim48hr,0.0,0.4,5
TGIF1,Stim8hr,0.0,0.5833333333333334,36
THRA,Stim48hr,0.0,0.7227722772277227,101
TLE5,Rest,0.0,0.5,2
TLE5,Stim8hr,0.0,0.6666666666666666,3
TOB1,Stim48hr,0.0,0.6666666666666666,3
TOP2B,Rest,0.0,0.5757575757575758,99
TOP2B,Stim48hr,0.0,1.0,3
TOP2B,Stim8hr,0.0,0.3333333333333333,3
TP53BP1,Rest,0.0,0.5833333333333334,12
TP53BP1,Stim48hr,0.0,0.5,2
TP53BP1,Stim8hr,0.0,0.75,4
TP73,Rest,0.0,0.6990291262135923,103
TP73,Stim8hr,0.00909090909090909,0.6909090909090909,110
TRAF6,Stim48hr,0.0,0.7575757575757576,33
TRERF1,Rest,0.0,0.625,8
TRERF1,Stim8hr,0.0,0.5,4
TRIB3,Rest,0.0,0.6666666666666666,6
TRIB3,Stim48hr,0.0,1.0,1
TRIB3,Stim8hr,0.0,0.25,4
TRIM22,Rest,0.0,0.6,5
TRIM22,Stim48hr,0.0,0.36363636363636365,11
TRIM25,Rest,0.0,0.5,26
TRIM25,Stim48hr,0.0,0.627906976744186,43
TRIM25,Stim8hr,0.0,0.5306122448979592,49
TRPS1,Rest,0.0,1.0,1
TRRAP,Rest,0.001763668430335097,0.6119929453262787,567
TRRAP,Stim48hr,0.0,0.7058823529411765,34
TRRAP,Stim8hr,0.0,0.5812101910828026,1256
TSC22D3,Stim48hr,0.0,0.0,1
UBTF,Stim8hr,0.0,0.4,10
USF1,Rest,0.0,0.5,4
USF1,Stim48hr,0.0,0.4444444444444444,9
USF1,Stim8hr,0.0,0.625,8
VDR,Stim48hr,0.0,1.0,1
VDR,Stim8hr,0.0,1.0,1
VEZF1,Rest,0.0,0.5517241379310345,29
VEZF1,Stim48hr,0.0,0.6206896551724138,29
VEZF1,Stim8hr,0.0,0.2682926829268293,41
VHL,Rest,0.012552301255230125,0.5606694560669456,239
VHL,Stim48hr,0.009009009009009009,0.5675675675675675,333
VHL,Stim8hr,0.009259259259259259,0.5925925925925926,216
XBP1,Rest,0.0111731843575419,0.6145251396648045,179
XBP1,Stim48hr,0.032586558044806514,0.639511201629328,491
XBP1,Stim8hr,0.02109704641350211,0.6244725738396625,237
YY1,Rest,0.011787819253438114,0.6286836935166994,509
YY1,Stim48hr,0.006342494714587738,0.6131078224101479,473
YY1,Stim8hr,0.008333333333333333,0.56875,960
ZBTB5,Rest,0.0,0.0,1
ZBTB5,Stim48hr,0.0,0.0,1
ZBTB5,Stim8hr,0.0,0.0,2
ZBTB7A,Rest,0.04797047970479705,0.6494464944649446,542
ZBTB7A,Stim48hr,0.022222222222222223,0.5333333333333333,45
ZBTB7A,Stim8hr,0.05454545454545454,0.6681818181818182,220
ZEB1,Rest,0.0,0.5436507936507936,252
ZEB1,Stim48hr,0.0,0.6,415
ZEB1,Stim8hr,0.0,0.49767441860465117,215
ZFP36,Rest,0.0,1.0,4
ZFP36,Stim48hr,0.0,1.0,2
ZFP36,Stim8hr,0.0,0.5,2
ZFP36L1,Stim48hr,0.0,0.875,8
ZFP36L1,Stim8hr,0.0,0.8888888888888888,9
ZMYND11,Rest,0.0,1.0,2
ZMYND11,Stim8hr,0.0,1.0,3
ZNF148,Rest,0.05096011816838995,0.6336779911373708,1354
ZNF148,Stim48hr,0.042682926829268296,0.6036585365853658,492
ZNF148,Stim8hr,0.04377104377104377,0.6195286195286195,594
ZNF202,Rest,0.0,0.3333333333333333,6
ZNF202,Stim48hr,0.0,0.7272727272727273,11
ZNF202,Stim8hr,0.0,0.5,10
ZNF224,Rest,0.0,1.0,1
ZNF224,Stim48hr,0.0,0.0,1
ZNF281,Rest,0.0,1.0,1
ZNF281,Stim8hr,0.0,0.75,4
ZNF350,Stim48hr,0.0,1.0,2
ZNF350,Stim8hr,0.0,0.0,1
ZNF354C,Rest,0.0,1.0,3
ZNF354C,Stim48hr,0.0,1.0,1
ZNF444,Rest,0.0,0.4117647058823529,17
ZNF444,Stim48hr,0.0,0.6923076923076923,13
ZNF444,Stim8hr,0.0,0.6666666666666666,12
ZNF76,Rest,0.0,0.8333333333333334,6
ZNF76,Stim48hr,0.0,0.6818181818181818,44
ZNF76,Stim8hr,0.0,0.631578947368421,19
